Frame	CPU Total (ms)	CPU Boids (ms)	CPU Data Update (ms)	CPU Render Dispatch (ms)	GPU Render (ms)
0	5.7419	4.0146	0.0219	1.6794	0.140416
1	5.7056	3.959	0.0212	1.6944	0.140192
2	5.084	3.9671	0.0212	1.0184	0.139712
3	4.6547	3.9918	0.0216	0.6475	0.139584
4	4.6815	3.9538	0.0214	0.6592	0.138464
5	4.6401	3.9744	0.0212	0.5908	0.139232
6	4.4678	3.9981	0.0219	0.4775	0.138944
7	4.4965	3.9421	0.0227	0.4894	0.13904
8	4.6538	3.9321	0.0212	0.5996	0.138912
9	4.4515	3.9467	0.0211	0.4731	0.13952
10	4.4946	3.9816	0.0219	0.5302	0.139648
11	4.5274	3.9621	0.022	0.5446	0.133696
12	4.6505	3.9413	0.0217	0.6232	0.132672
13	4.579	4.173	0.0219	0.579	0.133664
14	4.5808	3.9557	0.0215	0.5966	0.133504
15	4.9819	3.9713	0.0215	0.7418	0.132704
16	4.5358	4.093	0.0215	0.5326	0.132832
17	4.6417	4.2549	0.0214	0.6135	0.132096
18	4.8101	3.9609	0.0213	0.6638	0.1344
19	4.989	3.961	0.0212	0.6741	0.132896
20	4.601	4.0402	0.0214	0.5911	0.135136
21	4.5193	3.9728	0.0213	0.5186	0.133248
22	4.6908	3.9621	0.0212	0.5945	0.131968
23	4.5541	3.9641	0.0213	0.5415	0.13424
24	4.5249	3.9743	0.0212	0.5204	0.134848
25	4.6147	4.4613	0.021	0.5976	0.135008
26	4.6343	3.9324	0.025	0.6098	0.133056
27	5.0167	3.9053	0.0213	0.5196	0.134464
28	4.6143	3.9222	0.0213	0.6201	0.135168
29	4.5923	3.9241	0.0216	0.6292	0.132288
30	4.4975	3.9573	0.022	0.5326	0.134208
31	4.514	3.9481	0.0213	0.5432	0.13536
32	4.6367	3.9268	0.0216	0.6296	0.133632
33	4.548	4.0949	0.023	0.5508	0.132096
34	4.4418	3.9281	0.0221	0.476	0.135232
35	4.8013	3.9387	0.0211	0.6474	0.13344
36	4.5653	3.9156	0.0214	0.5827	0.131136
37	4.4979	4.3944	0.0219	0.5173	0.132128
38	4.4922	4.3442	0.0218	0.5355	0.133824
39	5.1512	4.6231	0.0234	0.7028	0.132768
40	5.0675	5.7341	0.0256	0.6672	0.130944
41	5.6942	5.1963	0.0224	1.0005	0.13392
42	6.7348	4.9795	0.0231	0.9287	0.131584
43	6.1351	4.7821	0.0235	0.8735	0.13232
44	5.8699	4.7632	0.0241	0.8231	0.134336
45	5.5863	5.1328	0.0236	0.7509	0.133024
46	5.7159	4.6765	0.0231	0.8907	0.1336
47	6.064	5.7967	0.0233	0.8613	0.136512
48	5.6602	4.6344	0.0223	0.9104	0.13552
49	7.2791	5.4732	0.0262	1.4118	0.134304
50	5.45	5.4072	0.0241	0.7491	0.137344
51	7.1263	5.192	0.0247	1.578	0.134784
52	6.3846	5.1049	0.0247	0.9023	0.133408
53	7.1116	5.3521	0.025	1.8438	0.137344
54	6.1576	4.9967	0.0237	0.9784	0.132832
55	6.4139	5.0466	0.0245	0.9869	0.135232
56	5.977	5.083	0.0238	0.9049	0.133792
57	6.0587	4.9349	0.0239	0.9331	0.134432
58	6.1089	5.0889	0.0222	0.9481	0.135072
59	5.8867	4.3362	0.0222	0.8807	0.133344
60	5.862	4.4397	0.0219	0.7063	0.133376
61	5.0315	4.3935	0.0224	0.6444	0.132512
62	5.4929	4.632	0.0227	0.9812	0.132064
63	5.159	4.7884	0.0229	0.7046	0.131872
64	5.4954	4.6562	0.0686	0.798	0.131616
65	5.6285	4.2991	0.0218	0.78	0.131168
66	5.5949	4.7434	0.0218	0.8293	0.13088
67	5.1102	4.4651	0.0222	0.7643	0.133792
68	5.6266	4.2769	0.0219	0.8236	0.131136
69	5.4206	4.9232	0.0221	0.8926	0.13328
70	5.1917	4.5645	0.0214	0.854	0.133792
71	5.9308	4.5635	0.0219	0.9462	0.132224
72	5.7413	4.7125	0.0238	1.1155	0.133184
73	5.6428	4.2085	0.0233	1.0129	0.131552
74	5.6464	4.4966	0.0216	0.862	0.131136
75	5.0781	4.8116	0.0235	0.8004	0.131776
76	5.4097	4.7441	0.0219	0.8472	0.133248
77	5.8296	4.4918	0.0235	0.9441	0.132384
78	5.4835	4.4162	0.0218	0.6736	0.13216
79	5.2612	4.4212	0.0221	0.7025	0.132832
80	5.3721	4.2898	0.023	0.8954	0.132256
81	5.2447	3.8718	0.0214	0.7536	0.132768
82	5.1885	3.8002	0.0211	0.8434	0.133888
83	4.5436	3.7566	0.0211	0.6096	0.131872
84	4.3014	3.7785	0.0213	0.4625	0.132032
85	4.3063	4.2579	0.0356	0.5137	0.134048
86	4.4592	4.241	0.0217	0.6232	0.131168
87	5.483	4.2765	0.0221	1.1493	0.133152
88	4.8808	4.2421	0.0223	0.5961	0.133408
89	5.1458	4.2425	0.0218	0.8141	0.152384
90	5.017	4.3513	0.0217	0.7125	0.131072
91	5.0299	4.5929	0.0217	0.7314	0.133184
92	5.1357	4.247	0.022	0.7248	0.133856
93	5.4264	4.749	0.0237	0.7691	0.132
94	5.0688	4.8172	0.0215	0.7599	0.133888
95	5.8034	3.8283	0.0222	0.9812	0.131584
96	5.589	4.1405	0.0219	0.7059	0.131744
97	4.566	4.4842	0.0236	0.673	0.134144
98	5.0019	3.8975	0.0222	0.7984	0.133984
99	5.373	4.5933	0.0219	0.8241	0.131936
100	4.9684	4.0096	0.0232	1.0117	0.132768
101	5.5185	4.6882	0.0218	0.863	0.135008
102	4.9378	4.0359	0.0216	0.8636	0.132608
103	5.5034	3.7612	0.0216	0.7453	0.134624
104	4.8265	3.7737	0.0213	0.7309	0.132864
105	4.4537	3.7702	0.0278	0.632	0.13216
106	4.4822	3.727	0.0229	0.6529	0.133728
107	4.5636	3.751	0.0213	0.7288	0.133344
108	4.4529	3.7461	0.0212	0.6645	0.13296
109	4.3987	4.406	0.0236	0.5957	0.13248
110	4.3004	3.7714	0.0215	0.5164	0.133408
111	5.3465	3.7336	0.0213	0.8742	0.132256
112	4.4899	3.7999	0.0213	0.66	0.131744
113	4.3123	3.7016	0.022	0.539	0.132736
114	4.7424	3.7398	0.0214	0.8927	0.132352
115	4.3834	3.7401	0.0213	0.6293	0.135456
116	4.4508	3.7676	0.0214	0.6556	0.132
117	4.7779	3.8078	0.0222	0.9967	0.131712
118	4.533	3.8885	0.023	0.7059	0.135296
119	4.8789	4.635	0.0218	1.0121	0.134336
120	4.6809	3.7485	0.0214	0.7199	0.136448
121	5.5373	3.747	0.0214	0.8236	0.132736
122	4.4797	3.7617	0.0218	0.6754	0.13248
123	4.368	4.0937	0.0232	0.5651	0.13216
124	4.5903	4.0397	0.0215	0.7583	0.133504
125	5.0392	3.7388	0.0229	0.8626	0.132672
126	4.8045	3.6882	0.0216	0.7055	0.13456
127	4.8658	3.7068	0.0219	1.0757	0.132576
128	4.2247	3.7707	0.0222	0.4996	0.134016
129	4.219	3.7126	0.0213	0.453	0.132352
130	4.3335	3.6876	0.024	0.4982	0.132704
131	4.2953	3.6906	0.0219	0.5343	0.13232
132	4.1645	3.9601	0.0223	0.4394	0.135232
133	4.1337	4.1461	0.022	0.409	0.13584
134	4.5473	4.1896	0.022	0.5369	0.132928
135	4.7583	4.8617	0.0265	0.5704	0.13408
136	4.8783	3.8738	0.0213	0.6396	0.132864
137	5.768	3.655	0.0212	0.8304	0.132928
138	4.4958	3.6415	0.0212	0.5685	0.132384
139	4.0731	4.8224	0.0249	0.3829	0.133856
140	4.1091	4.8395	0.0231	0.4302	0.136352
141	5.6437	3.6671	0.021	0.7663	0.132384
142	5.5319	3.6851	0.0212	0.6399	0.135648
143	4.0327	3.584	0.0218	0.3345	0.133792
144	4.2315	3.5936	0.0212	0.5029	0.132288
145	3.9557	3.7293	0.0214	0.3386	0.134272
146	3.9977	3.6544	0.0218	0.3725	0.135008
147	4.114	3.5795	0.021	0.3537	0.134688
148	4.1255	3.7091	0.0353	0.4311	0.132576
149	4.0358	3.6827	0.0215	0.4248	0.133824
150	4.5325	4.0497	0.0241	0.7644	0.134432
151	4.38	3.6589	0.0218	0.6508	0.132096
152	4.7683	4.254	0.0233	0.6551	0.132416
153	4.2157	3.7899	0.0362	0.5074	0.131904
154	4.8688	3.7943	0.0221	0.5749	0.132128
155	4.4859	3.6356	0.0211	0.6235	0.134528
156	4.3121	3.6073	0.0216	0.4693	0.131872
157	4.0089	3.6753	0.0219	0.3413	0.135264
158	3.979	3.6023	0.0213	0.3416	0.132128
159	4.1243	3.6134	0.0222	0.4172	0.13312
160	4.1603	3.8672	0.0214	0.5136	0.13216
161	4.2619	4.2038	0.0226	0.6043	0.134688
162	4.6101	4.0885	0.022	0.6912	0.131968
163	4.8537	4.0915	0.0214	0.5888	0.13856
164	4.5234	4.2881	0.0223	0.399	0.134464
165	4.9634	4.0665	0.0219	0.8394	0.134304
166	5.272	3.7194	0.0221	0.9311	0.131328
167	4.6896	4.5302	0.0215	0.569	0.131968
168	4.4227	4.6201	0.0229	0.6504	0.13328
169	5.2356	3.8389	0.0222	0.6537	0.131648
170	5.3805	4.1754	0.0228	0.6979	0.132192
171	5.4815	3.9492	0.0233	1.5826	0.133184
172	4.8156	4.9476	0.0232	0.5842	0.134656
173	4.8071	4.424	0.0243	0.7977	0.13104
174	5.7328	5.4783	0.0224	0.7232	0.131456
175	5.1755	4.8342	0.0222	0.6896	0.131936
176	6.2144	4.3859	0.0227	0.6813	0.131808
177	5.498	4.3339	0.0236	0.6082	0.13392
178	5.0634	4.1556	0.0223	0.6239	0.133216
179	5.0354	4.0995	0.0231	0.6464	0.131328
180	4.7508	4.0947	0.0212	0.5452	0.131232
181	4.5538	4.2193	0.0217	0.4185	0.13392
182	4.6328	4.0856	0.0215	0.5027	0.13536
183	4.8202	4.0683	0.0214	0.555	0.13136
184	4.4964	4.0651	0.0273	0.3799	0.133984
185	4.4763	3.693	0.0217	0.3792	0.134976
186	4.5989	3.5564	0.0211	0.4868	0.13152
187	4.0701	3.6268	0.022	0.3457	0.132896
188	3.9209	3.6169	0.0212	0.3353	0.13488
189	3.995	3.6347	0.022	0.339	0.133472
190	4.0789	3.6061	0.0218	0.425	0.131744
191	4.0357	3.6073	0.0229	0.3662	0.1352
192	3.9766	3.6074	0.0212	0.3409	0.133568
193	3.9791	3.6202	0.0212	0.3415	0.133088
194	4.0643	3.6114	0.0211	0.422	0.131456
195	4.2328	3.6004	0.0218	0.5686	0.132384
196	4.1249	3.599	0.021	0.4729	0.133664
197	3.9666	4.3292	0.023	0.3359	0.13312
198	4.3899	3.7488	0.0216	0.7547	0.131584
199	5.0465	3.5584	0.021	0.6638	0.133888
200	4.1622	3.9612	0.0229	0.3695	0.131648
201	3.9265	3.7191	0.0211	0.3387	0.134752
202	4.691	3.6007	0.0225	0.6801	0.131136
203	4.1051	3.596	0.021	0.3528	0.133792
204	3.9647	3.6451	0.0211	0.3341	0.133728
205	3.9534	3.5813	0.0218	0.3277	0.132928
206	4.143	3.5357	0.0212	0.4541	0.131936
207	3.9442	3.5378	0.0213	0.3313	0.134848
208	3.9001	3.7424	0.0213	0.3357	0.134304
209	3.8907	3.7075	0.023	0.3245	0.1336
210	4.3951	4.8346	0.0235	0.6007	0.131776
211	4.3308	4.8876	0.0227	0.5743	0.133312
212	5.5933	4.3321	0.0236	0.7063	0.134272
213	5.5784	4.087	0.0215	0.6506	0.132672
214	4.9432	4.3409	0.0235	0.5622	0.131776
215	4.5676	4.0771	0.0215	0.446	0.135296
216	4.9742	4.0604	0.0214	0.5869	0.133024
217	4.6174	3.8386	0.0212	0.496	0.131904
218	4.5088	3.7775	0.0256	0.4154	0.134944
219	4.5281	4.5008	0.0221	0.6579	0.134848
220	4.5259	3.6222	0.021	0.6982	0.134464
221	5.054	3.6115	0.0211	0.5079	0.132096
222	4.0565	3.787	0.0212	0.4039	0.134176
223	4.0474	3.6273	0.0216	0.406	0.133632
224	4.4579	3.6121	0.021	0.6377	0.132096
225	4.0804	3.6425	0.022	0.4119	0.13168
226	3.9748	3.9362	0.0215	0.3313	0.133184
227	4.0708	3.6187	0.0219	0.3982	0.13312
228	4.6091	3.6292	0.0214	0.638	0.131936
229	4.1676	3.6334	0.021	0.5112	0.1328
230	4.1113	4.0904	0.0219	0.4462	0.13392
231	4.0649	3.6457	0.022	0.4018	0.133792
232	4.7301	3.6921	0.0212	0.5949	0.132
233	4.0886	3.6949	0.021	0.4089	0.13568
234	4.1334	4.1611	0.0214	0.4102	0.135008
235	4.0536	3.649	0.0211	0.3298	0.134656
236	4.7996	3.6709	0.0214	0.5922	0.132192
237	4.0856	3.6193	0.0219	0.4047	0.1352
238	4.0331	4.1264	0.021	0.3323	0.135168
239	3.9764	3.6594	0.0218	0.3276	0.134592
240	4.6847	3.7204	0.021	0.5158	0.131584
241	4.0953	3.6551	0.022	0.404	0.133664
242	4.159	4.173	0.0219	0.4083	0.133888
243	4.0149	3.6766	0.0211	0.33	0.134336
244	4.7288	3.6703	0.0221	0.5118	0.132
245	4.1176	3.6702	0.0212	0.4092	0.133536
246	4.1384	4.2114	0.0212	0.4347	0.134368
247	4.1159	3.6816	0.0213	0.415	0.134464
248	4.7941	3.6663	0.0211	0.538	0.132192
249	4.2128	3.7119	0.0221	0.4963	0.134368
250	4.038	4.1276	0.0212	0.3417	0.135072
251	4.0723	3.6604	0.0212	0.3304	0.134592
252	4.6683	3.6811	0.0212	0.4986	0.131776
253	4.0984	3.8738	0.021	0.406	0.134784
254	4.5348	3.9489	0.0213	0.8247	0.133152
255	4.3325	3.7022	0.0222	0.4289	0.138144
256	4.5251	3.8906	0.024	0.5365	0.132032
257	4.3539	3.6956	0.0275	0.607	0.134912
258	4.4707	3.7186	0.021	0.5292	0.133888
259	4.1658	3.6496	0.0209	0.4264	0.132032
260	4.1056	3.7176	0.0219	0.3556	0.135168
261	4.0173	3.7047	0.022	0.3396	0.135072
262	4.0888	3.7609	0.0211	0.3415	0.13376
263	4.1545	3.6812	0.0246	0.4157	0.132448
264	4.2283	3.7008	0.0216	0.431	0.133824
265	4.0483	3.6961	0.0217	0.3342	0.134496
266	4.0603	3.6602	0.021	0.3309	0.135552
267	4.2328	3.647	0.0215	0.5026	0.13168
268	4.0311	3.6529	0.0211	0.3404	0.13504
269	4.0121	3.7067	0.0209	0.3358	0.135168
270	4.0151	3.6848	0.0218	0.3338	0.133696
271	4.1098	3.6882	0.0215	0.3739	0.13392
272	4.056	3.6836	0.021	0.3406	0.134912
273	4.0523	3.6977	0.021	0.3349	0.135168
274	4.0481	3.7118	0.021	0.3363	0.134432
275	4.1394	3.6905	0.0214	0.4113	0.134528
276	4.093	3.6971	0.0217	0.3508	0.131616
277	4.0552	3.7071	0.0215	0.3358	0.13584
278	4.0563	3.6899	0.0211	0.3307	0.133952
279	4.0848	3.7115	0.0211	0.3483	0.133056
280	4.0836	3.6983	0.021	0.3616	0.132224
281	4.0763	3.8758	0.0212	0.3353	0.133248
282	4.0639	3.6825	0.0212	0.3375	0.133856
283	4.3622	3.6835	0.0214	0.4448	0.131744
284	4.0918	3.7171	0.0212	0.3758	0.131904
285	4.0566	3.7555	0.0218	0.3437	0.133568
286	4.0817	3.6931	0.021	0.3353	0.134752
287	4.1307	3.6937	0.021	0.3451	0.135264
288	4.0997	3.7218	0.021	0.3735	0.131616
289	4.0585	3.7187	0.0218	0.3353	0.132576
290	4.0904	3.7023	0.0211	0.3395	0.134016
291	4.083	3.7096	0.0213	0.3353	0.134816
292	4.0936	3.7413	0.0211	0.3612	0.131936
293	4.0796	3.7339	0.021	0.3414	0.135104
294	4.1082	3.7042	0.0211	0.3383	0.134144
295	4.101	3.7124	0.0218	0.3385	0.134112
296	4.0932	3.7475	0.0211	0.3578	0.132032
297	4.0771	3.718	0.0208	0.3355	0.133792
298	4.1209	3.7288	0.0216	0.3442	0.135296
299	4.0776	3.7525	0.021	0.3316	0.133824
300	4.1204	3.8124	0.0213	0.3611	0.13168
301	4.1196	3.7248	0.0209	0.3384	0.133184
302	4.1935	3.7517	0.022	0.3514	0.133056
303	4.1257	3.7438	0.021	0.3684	0.13424
304	4.1425	3.7656	0.021	0.3592	0.132096
305	4.1316	4.2592	0.0227	0.3592	0.134592
306	4.3522	4.2546	0.022	0.5527	0.131616
307	5.0307	4.2972	0.0213	0.7208	0.132384
308	4.7889	4.236	0.0215	0.4867	0.13152
309	4.7379	4.2358	0.0217	0.4064	0.133824
310	4.6495	4.2696	0.0213	0.3834	0.13408
311	4.6793	4.2415	0.0218	0.4113	0.131616
312	4.7199	4.2464	0.0214	0.4207	0.133984
313	4.6519	4.2695	0.0214	0.3809	0.13504
314	4.6554	4.2611	0.0213	0.3798	0.134208
315	4.7106	4.2589	0.0217	0.4096	0.131488
316	4.6855	4.2627	0.0219	0.3945	0.13312
317	4.676	3.8338	0.0211	0.3877	0.133376
318	4.658	3.8241	0.0211	0.3641	0.131392
319	4.2114	3.7935	0.0214	0.3468	0.133056
320	4.1873	3.8409	0.0217	0.3338	0.134528
321	4.1565	3.8852	0.021	0.3343	0.134656
322	4.227	3.8632	0.0211	0.3554	0.131744
323	4.274	3.863	0.0213	0.3568	0.133696
324	4.2315	3.8389	0.0216	0.3397	0.132832
325	4.229	3.9141	0.0221	0.3378	0.133088
326	4.2316	3.8399	0.021	0.3617	0.131584
327	4.2956	3.8655	0.0219	0.3494	0.133472
328	4.2058	3.8541	0.0212	0.3372	0.134176
329	4.2295	3.8596	0.0212	0.3349	0.132928
330	4.2383	3.8702	0.0218	0.3538	0.131584
331	4.329	3.8252	0.0219	0.4307	0.131936
332	4.2388	3.8803	0.0212	0.3372	0.13312
333	4.1953	3.869	0.0215	0.3407	0.132544
334	4.3264	3.8524	0.021	0.4087	0.13168
335	4.2361	3.8713	0.0211	0.3372	0.134272
336	4.2193	3.8725	0.0213	0.3384	0.134368
337	4.2302	3.8664	0.0209	0.3307	0.133248
338	4.2868	3.8772	0.021	0.381	0.131104
339	4.2396	3.8772	0.0225	0.3431	0.133312
340	4.2387	3.895	0.0211	0.333	0.134144
341	4.2357	3.9203	0.0219	0.3288	0.132608
342	4.3284	3.8807	0.0216	0.3985	0.130784
343	4.2918	3.8988	0.0209	0.3407	0.13312
344	4.2385	3.9071	0.0209	0.3292	0.133216
345	4.2769	3.9389	0.0208	0.3495	0.131104
346	4.2919	3.8961	0.0214	0.3535	0.130976
347	4.3075	3.9027	0.0211	0.3406	0.133408
348	4.2609	3.9275	0.0218	0.3359	0.1336
349	4.3144	3.908	0.0209	0.3823	0.132544
350	4.2954	3.9367	0.021	0.3373	0.13056
351	4.2657	4.0356	0.0213	0.3293	0.132608
352	4.3095	4.0081	0.0213	0.3451	0.131648
353	4.6419	3.953	0.0211	0.5565	0.130688
354	4.5715	4.0218	0.0213	0.5194	0.133216
355	4.3289	4.0093	0.0215	0.3451	0.132992
356	4.4134	3.9448	0.027	0.3623	0.133056
357	4.4507	3.9806	0.0211	0.4042	0.129984
358	4.3204	4.1278	0.0212	0.3401	0.13376
359	4.3482	4.0067	0.0219	0.3392	0.133056
360	4.5243	3.9919	0.0223	0.3655	0.13152
361	4.4616	4.0499	0.0211	0.4175	0.130016
362	4.3728	3.9914	0.0212	0.3491	0.132256
363	4.418	4.0303	0.0215	0.339	0.132
364	4.3557	4.0319	0.0213	0.3361	0.133632
365	4.5862	4.0854	0.0221	0.5113	0.129792
366	4.4088	4.0329	0.0209	0.3452	0.132224
367	4.466	4.037	0.0215	0.3504	0.131968
368	4.4439	4.0819	0.0209	0.3806	0.130048
369	4.4112	4.0451	0.0216	0.3445	0.131488
370	4.4554	4.0553	0.0212	0.3448	0.132096
371	4.4227	4.1026	0.0211	0.3489	0.130976
372	4.4534	4.0975	0.0211	0.3663	0.129472
373	4.4709	4.0902	0.0209	0.3395	0.132192
374	4.4694	4.0834	0.0212	0.343	0.1312
375	4.4517	4.1912	0.026	0.3333	0.13136
376	4.4792	4.1061	0.0214	0.3646	0.129824
377	4.6777	4.1022	0.0213	0.4485	0.13136
378	4.596	4.1087	0.0211	0.4464	0.129632
379	4.6396	4.1568	0.0212	0.5016	0.130112
380	4.5064	4.1056	0.0213	0.3669	0.131008
381	4.5416	4.14	0.0213	0.3521	0.13216
382	4.4757	4.1652	0.0228	0.3416	0.132896
383	4.5444	4.1155	0.0211	0.3724	0.129344
384	4.5449	4.0947	0.0209	0.3449	0.1312
385	4.4893	4.1458	0.0212	0.3452	0.132864
386	4.4531	4.1992	0.0215	0.3307	0.13168
387	4.5542	4.1606	0.0219	0.376	0.130304
388	4.5755	4.1582	0.0208	0.3458	0.13264
389	4.5412	4.2072	0.0232	0.3514	0.133344
390	4.5592	4.1673	0.0211	0.3716	0.131392
391	4.662	4.1999	0.0212	0.4057	0.132672
392	4.5485	4.202	0.0211	0.3514	0.134944
393	4.5758	4.2325	0.0219	0.3477	0.131744
394	4.5977	4.239	0.0213	0.3645	0.131456
395	4.6062	4.1858	0.0211	0.3431	0.131712
396	4.6084	4.2571	0.0213	0.3406	0.130912
397	4.5651	4.219	0.0231	0.3512	0.134368
398	4.7016	4.7511	0.0223	0.4111	0.132352
399	4.843	4.6605	0.0217	0.5758	0.135072
400	5.3657	4.6682	0.0215	0.5644	0.131328
401	5.2003	4.674	0.0215	0.4948	0.132288
402	5.0955	4.7049	0.0221	0.3953	0.134944
403	5.0913	4.6649	0.0214	0.388	0.134848
404	5.2347	4.7181	0.0215	0.4898	0.132448
405	5.0823	4.7014	0.0217	0.3864	0.134816
406	5.1272	4.3173	0.022	0.3798	0.134016
407	5.2004	4.6125	0.0213	0.4666	0.132448
408	4.6953	4.6996	0.0213	0.3469	0.134176
409	5.0334	4.5278	0.0596	0.3916	0.133696
410	5.1143	4.2861	0.0211	0.3859	0.136384
411	5.1239	4.2473	0.021	0.51	0.132128
412	4.6536	4.3145	0.0211	0.337	0.135232
413	4.6045	4.2585	0.0211	0.3287	0.13632
414	4.6849	4.2603	0.0211	0.3412	0.131456
415	4.6151	4.2857	0.021	0.3282	0.13472
416	4.6176	4.2827	0.0209	0.3288	0.135936
417	4.6466	4.2796	0.0209	0.3323	0.13472
418	4.6404	4.2859	0.0214	0.3292	0.130816
419	4.635	4.3539	0.0211	0.3272	0.135264
420	4.6404	4.2999	0.021	0.3256	0.13376
421	4.9314	4.3145	0.0227	0.5303	0.132672
422	4.6787	4.3542	0.0215	0.3452	0.131584
423	4.6793	4.3309	0.021	0.3339	0.13392
424	4.7306	4.329	0.0211	0.3431	0.132384
425	4.7014	4.3694	0.021	0.34	0.1328
426	4.6868	4.3462	0.0211	0.3289	0.134464
427	4.7579	4.411	0.0602	0.35	0.134496
428	4.8838	4.4111	0.0211	0.4995	0.132896
429	4.9294	4.4803	0.0213	0.4345	0.134144
430	4.785	4.4357	0.0209	0.3442	0.133408
431	4.8486	4.4534	0.021	0.3387	0.136672
432	4.8333	4.497	0.0217	0.3669	0.132032
433	4.883	4.4684	0.0212	0.4007	0.133664
434	4.867	4.4486	0.0212	0.3406	0.135264
435	4.8685	4.52	0.0212	0.3679	0.1312
436	4.8336	4.48	0.0216	0.3562	0.133312
437	4.8949	4.4856	0.0213	0.3458	0.132384
438	4.85	4.6726	0.022	0.3411	0.131712
439	4.8987	4.5329	0.0225	0.3811	0.13136
440	5.1633	4.5416	0.022	0.4569	0.132608
441	5.1325	4.5561	0.0212	0.5475	0.13024
442	5.1241	4.5008	0.0211	0.5343	0.132544
443	4.9418	4.545	0.022	0.3539	0.132576
444	4.8701	4.5558	0.0211	0.3402	0.13232
445	5.0461	4.5585	0.0228	0.4664	0.13104
446	5.0126	4.5355	0.0217	0.427	0.131616
447	4.932	4.563	0.0212	0.3418	0.133536
448	4.9081	4.5957	0.0212	0.3439	0.133664
449	4.9605	4.5988	0.0216	0.3663	0.130912
450	4.9845	4.5981	0.0215	0.3581	0.13328
451	4.9713	4.712	0.0211	0.3427	0.13216
452	4.9994	4.5848	0.0211	0.3696	0.130688
453	5.0984	4.6303	0.0222	0.3543	0.132192
454	4.9819	4.6444	0.0213	0.3683	0.132352
455	5.023	4.6243	0.0211	0.3615	0.13088
456	5.0236	4.6442	0.0236	0.3495	0.133888
457	5.0074	4.6562	0.0219	0.3543	0.132864
458	5.0209	4.6008	0.0215	0.3441	0.134336
459	5.0987	4.6318	0.0217	0.4045	0.130464
460	4.9663	4.6598	0.0232	0.3359	0.132992
461	4.9934	4.6744	0.0217	0.3326	0.133184
462	5.1759	4.6488	0.0225	0.4713	0.130528
463	5.0671	4.7441	0.0327	0.3616	0.1328
464	5.0123	5.8034	0.0214	0.3338	0.13408
465	5.5497	4.7074	0.0211	0.7486	0.13104
466	6.1765	4.8179	0.0216	0.3419	0.13312
467	5.0716	4.7519	0.021	0.3359	0.133792
468	5.274	4.7059	0.0211	0.4161	0.130816
469	5.1186	4.7636	0.0213	0.3371	0.133984
470	5.0731	4.7577	0.021	0.3385	0.132864
471	5.166	4.766	0.0218	0.3709	0.131648
472	5.126	4.752	0.021	0.3391	0.13312
473	5.1272	4.7705	0.0209	0.3323	0.134528
474	5.1183	4.7765	0.0211	0.3382	0.132128
475	5.1312	4.8087	0.0209	0.3325	0.130816
476	5.1424	4.8046	0.0209	0.3373	0.134816
477	5.1755	4.8524	0.0217	0.3387	0.132224
478	5.1778	4.8099	0.021	0.3431	0.131232
479	5.2141	4.8469	0.0213	0.3325	0.134368
480	5.1727	4.9456	0.0212	0.334	0.131776
481	5.4131	4.8943	0.021	0.5205	0.131104
482	5.4706	4.869	0.0217	0.4783	0.130912
483	5.2626	4.8933	0.0218	0.3381	0.133728
484	5.2429	4.8688	0.021	0.3441	0.13104
485	5.2573	4.9093	0.021	0.3344	0.134528
486	5.2326	4.9329	0.0209	0.3357	0.13168
487	5.2804	4.9434	0.0212	0.3424	0.131072
488	5.2997	5.0039	0.0221	0.3387	0.133696
489	5.3109	4.9977	0.0212	0.3391	0.132832
490	5.4913	5.0504	0.0216	0.4435	0.130976
491	5.3685	5.0443	0.0213	0.3414	0.131936
492	5.4277	5.053	0.0212	0.3482	0.13376
493	5.4779	5.0937	0.0212	0.3987	0.130336
494	5.4217	5.0746	0.0217	0.3388	0.133664
495	5.4657	5.0759	0.0208	0.3427	0.132
496	5.4654	5.0954	0.0212	0.3608	0.130464
497	5.4427	5.0794	0.0213	0.3385	0.133952
498	5.4781	5.1255	0.0211	0.3538	0.132
499	5.53	5.1445	0.0214	0.4202	0.129984
500	5.4944	5.1433	0.0213	0.3397	0.130656
501	5.6121	5.1321	0.0221	0.428	0.130976
502	5.7458	5.1641	0.0212	0.5687	0.130432
503	5.5084	5.1843	0.0212	0.345	0.130528
504	5.5388	5.1982	0.0211	0.3455	0.131936
505	5.6019	5.2114	0.0213	0.3871	0.130336
506	5.5691	5.2297	0.0212	0.3414	0.13184
507	5.5903	5.2644	0.0217	0.3487	0.132928
508	5.6404	5.215	0.0228	0.3782	0.130496
509	5.6424	5.2472	0.0214	0.3466	0.133632
510	5.5856	5.2888	0.022	0.3401	0.133152
511	5.643	5.3035	0.0274	0.3648	0.129216
512	5.6675	5.2608	0.022	0.3472	0.131648
513	5.6763	5.8409	0.0229	0.3376	0.1312
514	5.6526	5.411	0.0213	0.3609	0.129248
515	6.6694	5.4687	0.0219	0.7783	0.13264
516	6.0077	8.8293	0.0224	0.5448	0.131936
517	6.2238	6.046	0.0222	0.6869	0.129312
518	9.6677	5.9852	0.023	0.7772	0.129216
519	6.6327	5.7663	0.0217	0.5339	0.129024
520	6.6414	5.3295	0.021	0.6105	0.131136
521	6.2556	5.3617	0.021	0.4524	0.132
522	5.7902	5.4172	0.022	0.4207	0.128576
523	5.7785	5.381	0.0211	0.3831	0.132448
524	5.8604	5.403	0.0211	0.4079	0.129472
525	5.7536	5.428	0.0215	0.3416	0.132352
526	5.7692	5.4001	0.0211	0.3372	0.13104
527	5.8855	5.4035	0.021	0.42	0.129408
528	5.7682	5.4338	0.0217	0.338	0.13264
529	5.7706	5.438	0.0208	0.3383	0.130848
530	5.8353	5.473	0.0227	0.3688	0.12992
531	5.8053	5.5789	0.021	0.3376	0.132032
532	6.097	5.594	0.0211	0.5888	0.137056
533	5.9876	5.638	0.0209	0.3739	0.129312
534	5.9695	5.6137	0.021	0.3454	0.132
535	6.003	5.5928	0.0211	0.3362	0.131648
536	6.0244	5.6778	0.0222	0.3795	0.129824
537	6.0673	5.6318	0.0244	0.4429	0.132736
538	6.323	5.6782	0.022	0.5982	0.129952
539	6.0141	5.6729	0.0213	0.3463	0.131136
540	6.0672	5.6811	0.0212	0.3482	0.132544
541	6.0894	5.7512	0.0253	0.3845	0.1296
542	6.0493	5.7222	0.0217	0.3386	0.131488
543	6.1289	5.7996	0.0213	0.3441	0.132384
544	6.1737	5.749	0.0212	0.418	0.130336
545	6.1805	5.7415	0.0215	0.3492	0.132224
546	6.1188	5.7425	0.0211	0.3413	0.13216
547	6.6109	5.7667	0.0212	0.8381	0.129824
548	6.1403	5.7715	0.0212	0.365	0.131104
549	6.1622	5.7656	0.0209	0.3645	0.129632
550	6.154	5.7891	0.0217	0.3522	0.131872
551	6.1389	5.7869	0.0211	0.345	0.132064
552	6.227	5.8162	0.0219	0.4034	0.130528
553	6.4688	5.8378	0.0227	0.6353	0.130464
554	6.2627	5.8481	0.0218	0.407	0.131488
555	6.2908	5.8446	0.0226	0.4128	0.12976
556	6.2168	5.8635	0.0227	0.3382	0.132064
557	6.2615	5.8854	0.0217	0.3817	0.13024
558	6.2338	5.8837	0.021	0.3388	0.132896
559	6.2499	5.9072	0.0212	0.3354	0.131712
560	6.2865	5.9029	0.0211	0.3717	0.13024
561	6.2706	5.9526	0.0209	0.335	0.133472
562	6.2934	5.9475	0.021	0.3621	0.133088
563	6.3379	5.9715	0.0216	0.3558	0.130336
564	6.3168	6.0167	0.021	0.34	0.131904
565	6.4195	5.9994	0.021	0.4104	0.13008
566	6.3846	5.9835	0.0211	0.3376	0.133056
567	6.3856	6.0127	0.021	0.3571	0.133632
568	6.3816	6.0339	0.0215	0.3656	0.130272
569	6.3771	6.0805	0.0209	0.3358	0.133312
570	6.5233	6.1597	0.0226	0.4442	0.1304
571	6.4472	6.1356	0.0216	0.337	0.132256
572	6.5803	6.1254	0.0209	0.3861	0.13312
573	6.5588	6.2339	0.0211	0.3845	0.130688
574	6.7122	6.2733	0.0217	0.5582	0.133408
575	6.6692	6.3031	0.0212	0.4024	0.130144
576	6.6583	6.2891	0.0213	0.355	0.13264
577	6.679	6.4248	0.0779	0.3469	0.132864
578	6.7043	6.2476	0.0216	0.3826	0.130912
579	7.0289	6.2263	0.0251	0.501	0.133888
580	6.6258	6.2312	0.0212	0.3451	0.130816
581	6.6379	6.3192	0.022	0.377	0.134496
582	6.5915	6.3118	0.0212	0.3308	0.132256
583	6.6904	6.4083	0.0221	0.3406	0.1304
584	6.9442	6.4213	0.021	0.5856	0.132992
585	6.9794	6.3389	0.0211	0.5219	0.130208
586	6.7994	6.4785	0.021	0.3461	0.134208
587	6.7013	6.4906	0.0813	0.333	0.133696
588	6.9023	6.5195	0.0227	0.3891	0.130464
589	7.0965	6.5357	0.0212	0.4989	0.133376
590	7.0641	6.5612	0.0213	0.5098	0.130368
591	6.9111	6.6175	0.0214	0.3449	0.131968
592	6.9587	6.6108	0.0209	0.3668	0.13008
593	7.0202	6.6967	0.022	0.3718	0.132384
594	6.977	6.5944	0.0211	0.3374	0.132672
595	7.1185	6.7048	0.0212	0.3886	0.129888
596	6.9808	6.6313	0.0223	0.3572	0.132608
597	7.1032	6.7638	0.0212	0.3669	0.128768
598	7.0127	6.7876	0.0212	0.3498	0.135616
599	7.1685	6.709	0.0208	0.3655	0.13728
600	7.2784	6.8095	0.0217	0.4484	0.135392
601	7.1102	6.8065	0.0211	0.3709	0.13776
602	7.291	6.8455	0.0213	0.4392	0.132896
603	7.2139	6.846	0.0211	0.3777	0.134592
604	7.3231	6.9352	0.022	0.4359	0.132672
605	7.2218	6.87	0.0233	0.3449	0.135232
606	7.3752	6.9539	0.0219	0.4046	0.13024
607	7.2366	6.909	0.0212	0.3343	0.133664
608	7.3889	6.909	0.0209	0.4042	0.1328
609	7.309	6.8902	0.0211	0.3677	0.1296
610	7.3332	6.9629	0.0212	0.3954	0.133504
611	7.3239	6.9589	0.0213	0.3977	0.129696
612	7.3341	7.0431	0.0228	0.3416	0.132
613	7.6122	7.0636	0.0213	0.6066	0.13264
614	7.5447	7.105	0.0218	0.4575	0.138048
615	7.6476	7.0729	0.0212	0.5416	0.152992
616	7.4962	7.086	0.0209	0.3581	0.136384
617	7.476	7.1309	0.0209	0.3733	0.139456
618	7.4663	7.2082	0.0218	0.3504	0.136128
619	7.4971	7.2481	0.022	0.3377	0.13664
620	7.6168	7.134	0.0209	0.3759	0.131808
621	7.6402	7.1124	0.0211	0.3598	0.1344
622	7.5276	7.1416	0.0209	0.3631	0.132032
623	7.4793	7.1683	0.021	0.3375	0.134944
624	7.5301	7.224	0.0214	0.3568	0.13024
625	7.5395	7.2813	0.0216	0.3416	0.13472
626	7.6252	7.2523	0.0218	0.3686	0.13104
627	7.7372	7.2736	0.0217	0.4176	0.130272
628	7.7072	7.3054	0.0211	0.4218	0.13216
629	7.6842	7.3718	0.0213	0.3779	0.130976
630	7.676	7.4974	0.0218	0.3416	0.134176
631	7.8296	7.5939	0.0214	0.4208	0.131008
632	7.8826	7.5236	0.0212	0.3527	0.134304
633	8.0405	7.6258	0.0217	0.41	0.131008
634	7.8988	7.5592	0.021	0.3448	0.133184
635	8.0686	7.6649	0.0219	0.4067	0.131008
636	7.9246	7.5847	0.0213	0.3366	0.133408
637	8.0756	7.6426	0.0215	0.3775	0.130944
638	7.956	7.7549	0.021	0.3412	0.134304
639	8.1979	7.9372	0.0479	0.5108	0.131936
640	8.3625	7.6816	0.0214	0.5615	0.131328
641	8.527	7.6735	0.0207	0.5139	0.131712
642	8.0631	7.7452	0.021	0.3488	0.135328
643	8.0523	7.7341	0.021	0.3489	0.13216
644	8.1119	7.8108	0.0208	0.3372	0.13584
645	8.1066	7.8037	0.0208	0.343	0.132384
646	8.169	7.8664	0.021	0.3296	0.134912
647	8.1619	7.8414	0.0211	0.3301	0.133248
648	8.2393	7.9025	0.021	0.3431	0.13536
649	8.2165	7.883	0.021	0.3455	0.13344
650	8.2648	7.9263	0.0208	0.3329	0.136832
651	8.247	7.9853	0.0212	0.3349	0.132992
652	8.2803	7.9941	0.0208	0.3256	0.135712
653	8.5442	8.0903	0.0789	0.5134	0.134944
654	8.4498	8.1165	0.0212	0.424	0.137088
655	8.6345	8.1644	0.0214	0.4399	0.133952
656	8.5026	8.2702	0.0212	0.3551	0.135648
657	8.5915	8.1988	0.0213	0.3924	0.134048
658	8.6653	8.2733	0.0209	0.3642	0.136064
659	8.6041	8.1798	0.0209	0.3726	0.13408
660	8.6423	8.2175	0.0205	0.3395	0.1368
661	8.5679	8.2723	0.0205	0.3572	0.13408
662	8.5808	8.4325	0.0213	0.3346	0.13728
663	8.6545	8.5635	0.0224	0.3525	0.13424
664	9.0941	8.4671	0.0212	0.6147	0.133696
665	9.071	8.4778	0.0214	0.4575	0.135232
666	8.8807	8.5213	0.0211	0.3821	0.137344
667	8.8715	8.5912	0.0216	0.3608	0.134528
668	8.925	8.5705	0.0221	0.3722	0.135392
669	8.9754	8.6291	0.0211	0.3533	0.136288
670	8.9712	8.6772	0.0219	0.3683	0.134528
671	9.0034	8.6803	0.0209	0.3446	0.134624
672	9.1027	8.7801	0.0216	0.391	0.135776
673	9.0526	8.6867	0.0212	0.3427	0.137632
674	9.2006	8.7935	0.0216	0.387	0.13488
675	9.0632	8.8538	0.0263	0.3466	0.137664
676	9.2819	8.8364	0.0219	0.4451	0.137472
677	9.2507	8.9004	0.0213	0.3603	0.140224
678	9.2786	8.9608	0.0216	0.4057	0.137344
679	9.3288	9.0678	0.0212	0.3931	0.137856
680	9.3349	8.8717	0.0211	0.3436	0.138784
681	9.5327	8.8766	0.0209	0.4248	0.136704
682	9.2414	8.8938	0.022	0.3395	0.1376
683	9.3009	8.9007	0.0209	0.39	0.133536
684	9.2858	8.9602	0.0212	0.3602	0.136128
685	9.338	9.194	0.0215	0.4004	0.136384
686	9.5819	9.1776	0.0225	0.5774	0.136512
687	9.7927	9.2989	0.0219	0.5522	0.140256
688	9.6432	9.2651	0.0213	0.424	0.13952
689	9.7006	9.3505	0.0209	0.3674	0.142304
690	9.715	9.2997	0.0212	0.4121	0.137504
691	9.7449	9.2849	0.0213	0.364	0.142624
692	9.6843	9.4158	0.0209	0.3538	0.139616
693	9.726	9.4862	0.0213	0.4049	0.139136
694	9.8001	9.532	0.022	0.3517	0.142016
695	9.8928	9.5627	0.0262	0.3742	0.138272
696	9.9273	9.5791	0.0217	0.3637	0.140928
697	10.108	9.6969	0.0213	0.4929	0.138208
698	10.0587	9.7201	0.0214	0.4351	0.139168
699	10.0878	9.6852	0.0216	0.3593	0.140832
700	10.2391	9.6227	0.0217	0.4818	0.135456
701	10.1645	9.7729	0.0209	0.4313	0.135392
702	9.9986	9.6711	0.0213	0.3449	0.139552
703	10.1904	9.6952	0.0221	0.3835	0.13936
704	10.0594	9.7803	0.022	0.357	0.140416
705	10.2214	10.0306	0.0216	0.4803	0.138688
706	10.2496	10.0082	0.021	0.4275	0.139136
707	10.5727	10.0233	0.022	0.494	0.138944
708	10.4536	10.0324	0.0209	0.4083	0.14096
709	10.4738	10.2127	0.021	0.4185	0.13984
710	10.4331	10.1618	0.021	0.3689	0.141024
711	10.6557	10.1907	0.021	0.4083	0.142112
712	10.5558	10.102	0.0348	0.3641	0.145184
713	10.6346	10.0162	0.0212	0.4102	0.143232
714	10.5644	10.3012	0.0214	0.4015	0.142944
715	10.4095	10.2356	0.0215	0.3638	0.146784
716	10.7385	10.3003	0.021	0.4014	0.144224
717	10.714	10.4574	0.0207	0.4347	0.145056
718	10.6803	10.6156	0.0213	0.3483	0.148128
719	10.8958	10.545	0.0212	0.4032	0.14608
720	11.0911	10.5911	0.021	0.4351	0.146688
721	10.9158	10.7101	0.0206	0.3399	0.147904
722	11.0411	10.754	0.0213	0.4117	0.147328
723	11.1922	10.8059	0.0213	0.4427	0.148096
724	11.1553	11.0031	0.0214	0.3689	0.150752
725	11.276	11.0321	0.0216	0.4311	0.148608
726	11.6	11.0876	0.0265	0.5464	0.148736
727	11.4051	11.1132	0.0222	0.34	0.149376
728	11.5085	11.1541	0.0212	0.3818	0.145504
729	11.5782	11.3639	0.0213	0.424	0.145792
730	11.5682	11.3167	0.0217	0.3649	0.148896
731	11.794	11.3876	0.0212	0.395	0.148288
732	11.7378	11.3813	0.0213	0.3879	0.150112
733	11.8551	11.5201	0.0213	0.4366	0.153248
734	11.806	11.532	0.0216	0.3877	0.151136
735	11.9896	11.7126	0.0792	0.4287	0.152256
736	11.9847	11.6601	0.0226	0.4131	0.151808
737	12.3202	11.6801	0.0208	0.5006	0.15408
738	12.0573	11.6959	0.0223	0.3617	0.151648
739	12.0556	11.6771	0.0219	0.3449	0.152352
740	12.0873	11.8678	0.0207	0.3585	0.152608
741	12.0503	12.0748	0.0226	0.3426	0.154976
742	12.2455	12.1207	0.0219	0.3473	0.152832
743	12.6577	12.2859	0.089	0.5343	0.153184
744	12.661	12.4327	0.0212	0.4939	0.15328
745	12.924	12.549	0.021	0.5209	0.156896
746	12.8612	12.6249	0.0216	0.3932	0.154496
747	12.973	12.7798	0.0218	0.391	0.155296
748	13.0608	12.8732	0.021	0.3998	0.156032
749	13.1669	12.8494	0.0214	0.3553	0.156896
750	13.2875	13.081	0.021	0.3828	0.156992
751	13.3437	13.1591	0.022	0.453	0.157824
752	13.5384	13.278	0.0218	0.4202	0.157088
753	13.6524	13.3875	0.0214	0.4481	0.15744
754	13.7113	13.4553	0.0229	0.3988	0.162304
755	13.8115	13.7089	0.0206	0.3859	0.158272
756	13.8698	13.7856	0.0214	0.3796	0.158496
757	14.1484	14.1452	0.0214	0.4039	0.159008
758	14.3186	14.2864	0.0264	0.4885	0.158784
759	14.6488	14.2989	0.0211	0.4558	0.160544
760	14.7384	14.4946	0.0212	0.4095	0.159904
761	14.7165	14.613	0.022	0.385	0.158688
762	14.8718	14.7913	0.0213	0.3471	0.161632
763	15.0091	15.0005	0.0213	0.3642	0.160384
764	15.246	15.2018	0.0213	0.4173	0.160736
765	15.4613	15.3304	0.0215	0.4206	0.16064
766	15.6945	15.4421	0.0217	0.4466	0.16128
767	15.7755	15.4847	0.0211	0.4071	0.160992
768	15.8781	15.7466	0.0219	0.3997	0.161632
769	15.9095	15.741	0.0204	0.3913	0.161888
770	16.1715	16.1449	0.0213	0.3901	0.162016
771	16.1919	16.2687	0.0213	0.4152	0.162048
772	16.6991	16.5739	0.0216	0.507	0.162368
773	16.7465	16.6149	0.0216	0.4353	0.162176
774	17.002	16.761	0.021	0.3934	0.162336
775	17.0516	16.7723	0.0207	0.4016	0.163104
776	17.2299	17.3422	0.0268	0.4311	0.162336
777	17.1997	17.2631	0.0222	0.3932	0.163616
778	17.9149	17.4402	0.0205	0.5188	0.163776
779	17.7525	17.6079	0.0209	0.4462	0.163712
780	17.8255	17.8174	0.0213	0.3532	0.164608
781	17.9975	18.0732	0.0214	0.3586	0.164544
782	18.2413	18.6093	0.0212	0.3896	0.163872
783	18.7534	18.5888	0.0213	0.6307	0.164928
784	19.1422	18.874	0.0213	0.4834	0.164448
785	19.0589	19.2498	0.0211	0.4282	0.163424
786	19.3348	19.2549	0.0217	0.4221	0.164736
787	19.7237	19.5678	0.0223	0.4333	0.165024
788	19.7151	19.9808	0.022	0.4208	0.164736
789	20.0756	20.1709	0.0213	0.461	0.165408
790	20.4554	20.64	0.0214	0.4331	0.16448
791	20.6326	20.9665	0.0212	0.4221	0.16496
792	21.1901	21.5916	0.022	0.5045	0.165632
793	21.4073	22.1999	0.0218	0.4038	0.165216
794	22.1136	22.1923	0.0213	0.4756	0.165504
795	22.6998	22.5242	0.0209	0.4554	0.1664
796	22.6401	23.2686	0.0277	0.411	0.165792
797	22.9701	23.5107	0.0213	0.4081	0.166816
798	23.8534	24.0623	0.0211	0.5304	0.165888
799	23.9893	24.3791	0.0219	0.4369	0.166784
800	24.4839	24.9407	0.022	0.3865	0.166368
801	24.7776	25.8687	0.0213	0.3643	0.167328
802	25.6082	26.3528	0.0213	0.6148	0.167328
803	26.3958	27.1326	0.021	0.4757	0.167648
804	26.7699	27.6424	0.0212	0.3813	0.168
805	27.568	28.3351	0.0219	0.3994	0.168128
806	28.1554	28.8673	0.0211	0.467	0.167968
807	28.8009	29.2597	0.0207	0.4247	0.16816
808	29.2836	30.2875	0.022	0.3807	0.16864
809	29.6412	30.9469	0.0212	0.3494	0.167968
810	30.8131	31.3702	0.0213	0.478	0.169472
811	31.4349	32.3128	0.0219	0.4462	0.1696
812	31.8997	32.7865	0.0293	0.4835	0.168896
813	32.8086	33.7234	0.0488	0.4487	0.169088
814	33.3936	34.1488	0.0213	0.5501	0.168064
815	34.2649	34.7267	0.0218	0.4667	0.167968
816	34.7024	34.5635	0.0206	0.5082	0.167072
817	35.1902	35.2762	0.0217	0.4231	0.166336
818	35.0329	35.1726	0.022	0.4314	0.165472
819	35.7854	35.2532	0.0414	0.4632	0.165312
820	35.6427	35.7164	0.021	0.4283	0.164224
821	35.7812	35.8069	0.0204	0.4609	0.16304
822	36.2473	35.5563	0.0207	0.468	0.162368
823	36.1952	35.5286	0.0212	0.3564	0.161216
824	35.9823	35.4957	0.0217	0.39	0.16016
825	36.0264	35.9472	0.0221	0.4559	0.159136
826	36.003	36.1293	0.0212	0.4606	0.158016
827	36.6518	36.0032	0.0217	0.6519	0.15936
828	36.6469	35.6939	0.0214	0.4699	0.158144
829	36.469	35.3627	0.0209	0.4218	0.157728
830	36.2035	34.9285	0.0216	0.4635	0.156768
831	35.8381	34.5697	0.0212	0.4355	0.156352
832	35.3737	34.158	0.021	0.4069	0.156576
833	35.0912	33.3506	0.0215	0.4745	0.15552
834	34.5618	32.6954	0.0213	0.3694	0.155168
835	33.7598	31.9722	0.0209	0.3755	0.1552
836	33.1976	31.2335	0.0214	0.4566	0.155008
837	32.3757	30.7537	0.0209	0.3694	0.15552
838	31.6189	29.8925	0.0213	0.3538	0.155872
839	31.2901	28.9669	0.0217	0.4875	0.156544
840	30.325	28.3602	0.021	0.3953	0.156512
841	29.3929	27.5208	0.021	0.3908	0.157088
842	28.8657	26.7369	0.0225	0.4623	0.156704
843	28.0395	26.2066	0.0218	0.4721	0.158336
844	27.1503	25.5065	0.0221	0.3777	0.158304
845	26.6695	25.2845	0.0216	0.4194	0.158304
846	26.238	24.7031	0.0211	0.6811	0.159104
847	25.8399	24.0029	0.0217	0.5058	0.15952
848	25.1876	23.4317	0.0212	0.4428	0.15968
849	24.4397	23.0611	0.0219	0.4003	0.160864
850	23.9339	22.3776	0.0213	0.4613	0.161088
851	23.5497	21.8238	0.0217	0.4462	0.160384
852	22.851	21.2497	0.0221	0.431	0.161888
853	22.28	20.9749	0.0214	0.418	0.162112
854	21.6985	20.696	0.0214	0.4114	0.162176
855	21.6402	20.3596	0.0212	0.5996	0.1632
856	21.1823	19.8871	0.0213	0.441	0.163296
857	20.8366	19.3123	0.0206	0.4346	0.162624
858	20.3499	19.0091	0.0205	0.4227	0.162848
859	19.7451	18.7686	0.0263	0.3977	0.163328
860	19.4287	18.2888	0.0214	0.3856	0.162816
861	19.3065	18.0058	0.0208	0.4863	0.162912
862	18.7996	17.6638	0.0213	0.4665	0.16304
863	18.4345	17.4209	0.0222	0.3932	0.16304
864	18.1074	17.4966	0.0244	0.4081	0.1624
865	17.8565	17.0678	0.0217	0.3993	0.162976
866	18.0371	16.8115	0.0218	0.49	0.161984
867	17.5324	16.5959	0.021	0.4244	0.16176
868	17.2577	16.1975	0.0209	0.408	0.162656
869	17.0203	15.9673	0.0214	0.3898	0.162336
870	16.6262	15.9232	0.0217	0.3935	0.1624
871	16.3849	15.6885	0.0211	0.3844	0.162112
872	16.3891	15.4193	0.0214	0.4251	0.161696
873	16.1802	15.5048	0.0219	0.4472	0.1624
874	15.9027	15.0931	0.0228	0.4399	0.162112
875	15.97	14.9559	0.0206	0.4235	0.161824
876	15.5395	14.7176	0.0226	0.4086	0.162048
877	15.406	14.7539	0.022	0.4128	0.162528
878	15.387	14.5434	0.0209	0.617	0.162464
879	15.283	14.3759	0.0214	0.481	0.161312
880	14.9853	14.227	0.0221	0.4039	0.162048
881	14.8206	13.9638	0.0218	0.4081	0.161024
882	14.6679	13.9506	0.0207	0.4043	0.162048
883	14.5238	13.5814	0.0217	0.5175	0.16128
884	14.4128	13.4914	0.021	0.422	0.161728
885	14.0374	13.417	0.0206	0.4171	0.161408
886	13.988	13.3109	0.0208	0.4586	0.162112
887	13.8637	13.2229	0.0215	0.4067	0.161536
888	13.7571	13.1815	0.0206	0.4083	0.16128
889	13.6676	12.922	0.0228	0.4074	0.161408
890	13.6299	12.7912	0.0261	0.4101	0.16144
891	13.3678	12.9573	0.0213	0.4059	0.161664
892	13.1661	12.8264	0.0216	0.3374	0.16304
893	13.4891	12.7322	0.0211	0.4871	0.161984
894	13.2951	12.6306	0.0211	0.4271	0.16176
895	13.201	12.6202	0.0218	0.4298	0.161504
896	13.0722	12.2795	0.0213	0.4042	0.161504
897	12.9999	12.2769	0.021	0.3478	0.163776
898	12.6735	12.1373	0.0211	0.3619	0.161056
899	12.721	12.0773	0.0218	0.4067	0.161632
900	12.5799	12.144	0.0213	0.4049	0.160608
901	12.5536	12.0249	0.0217	0.4355	0.161024
902	12.63	11.9316	0.0212	0.442	0.160704
903	12.4402	11.8045	0.0209	0.3809	0.16144
904	12.401	11.7942	0.0218	0.4301	0.161216
905	12.1927	11.7876	0.023	0.3568	0.162496
906	12.2348	11.7256	0.0213	0.403	0.160832
907	12.2426	11.7813	0.0215	0.4149	0.161056
908	12.1532	11.6455	0.0214	0.393	0.160672
909	12.2927	11.4778	0.0211	0.4651	0.160736
910	12.1295	11.5215	0.0211	0.4384	0.161344
911	11.921	11.3944	0.0211	0.4046	0.160544
912	11.9397	11.381	0.021	0.3836	0.161056
913	11.7777	11.3403	0.0213	0.3526	0.162336
914	11.8135	11.1945	0.0224	0.3972	0.159936
915	11.7837	11.1224	0.0211	0.406	0.160672
916	11.5657	11.2372	0.0211	0.3392	0.16192
917	11.5416	11.0573	0.021	0.3854	0.160192
918	11.7307	10.9806	0.0212	0.4473	0.161024
919	11.4361	11.0075	0.0216	0.3467	0.162976
920	11.39	10.8451	0.0218	0.3763	0.15968
921	11.4525	10.7942	0.0214	0.4075	0.16048
922	11.3069	10.8548	0.0206	0.4274	0.160192
923	11.1853	10.7793	0.0212	0.3593	0.160384
924	11.2679	10.7373	0.0213	0.38	0.16032
925	11.2079	10.9803	0.0222	0.3932	0.159712
926	11.3129	10.8917	0.0221	0.5316	0.163136
927	11.5294	10.9692	0.0212	0.5006	0.160928
928	11.3583	10.8614	0.021	0.4107	0.160128
929	11.4026	10.7416	0.022	0.3995	0.161952
930	11.3029	10.5992	0.0209	0.4052	0.160128
931	11.1797	10.5385	0.021	0.4021	0.160032
932	10.9819	10.4076	0.0211	0.351	0.161536
933	10.9584	10.4345	0.0216	0.3867	0.159904
934	10.8356	10.4744	0.0207	0.3933	0.159744
935	10.8129	10.3794	0.0213	0.3421	0.162592
936	10.9452	10.3012	0.0213	0.4311	0.159552
937	10.8584	10.3667	0.0219	0.4429	0.159168
938	10.6763	10.3109	0.0214	0.3439	0.161184
939	10.8455	10.4095	0.0237	0.4347	0.16016
940	10.8535	10.3957	0.0206	0.5012	0.182528
941	10.7938	10.3103	0.0205	0.3489	0.15952
942	10.8433	10.2427	0.0205	0.4095	0.159168
943	10.7304	10.4138	0.0218	0.3878	0.161536
944	10.6288	10.2999	0.0211	0.3538	0.158944
945	10.9474	10.2898	0.0218	0.4872	0.159136
946	10.6931	10.3237	0.0211	0.3602	0.16096
947	10.7126	10.2699	0.0209	0.3872	0.158848
948	10.8074	10.2497	0.0217	0.4393	0.159104
949	10.6852	10.1953	0.0213	0.3833	0.1616
950	10.6566	10.2272	0.022	0.3743	0.158656
951	10.6294	10.0717	0.0212	0.3985	0.158368
952	10.739	10.2014	0.0213	0.4746	0.160288
953	10.4889	10.1658	0.0213	0.3829	0.158688
954	10.6627	10.1086	0.0218	0.4216	0.158752
955	10.6313	9.9981	0.0223	0.4259	0.158464
956	10.613	9.943	0.021	0.4691	0.158752
957	10.4385	9.8985	0.021	0.4057	0.161472
958	10.3477	9.9205	0.0219	0.3719	0.158016
959	10.5999	10.0084	0.0214	0.6656	0.158848
960	10.314	9.9832	0.0213	0.3603	0.161152
961	10.4313	9.9703	0.0208	0.3895	0.15728
962	10.3867	10.0223	0.0214	0.3716	0.157824
963	10.3374	9.9252	0.0214	0.3382	0.159072
964	10.7479	9.9222	0.021	0.6774	0.157536
965	10.534	9.9867	0.0228	0.5579	0.158848
966	10.306	9.9227	0.0211	0.3519	0.15984
967	10.4328	9.978	0.0212	0.4101	0.1576
968	10.2998	9.8865	0.0217	0.346	0.159872
969	10.3894	9.9112	0.0219	0.3783	0.157632
970	10.3493	9.8975	0.0221	0.4252	0.157504
971	10.3132	9.9429	0.0218	0.37	0.159808
972	10.3186	9.8795	0.0211	0.3863	0.157824
973	10.4028	9.9234	0.0213	0.4219	0.157856
974	10.2599	9.8776	0.0212	0.3496	0.159712
975	10.4122	9.8052	0.0211	0.4452	0.157984
976	10.2718	9.8913	0.0212	0.3617	0.16
977	10.2389	9.8908	0.0448	0.3987	0.157376
978	10.3392	9.8178	0.0218	0.411	0.157952
979	10.2987	9.7773	0.0204	0.3533	0.159584
980	10.2408	9.6889	0.0213	0.3889	0.157568
981	10.1797	9.6875	0.0214	0.3727	0.160352
982	10.0975	9.8773	0.0224	0.3752	0.157344
983	10.0956	9.9173	0.0214	0.3742	0.15728
984	10.5578	9.7965	0.0242	0.6284	0.157504
985	10.4071	9.7811	0.0219	0.445	0.157184
986	10.247	9.8443	0.0215	0.4105	0.15696
987	10.1584	9.7945	0.0212	0.3461	0.15904
988	10.2705	9.8202	0.0209	0.3913	0.157024
989	10.1732	9.7422	0.0213	0.3476	0.159296
990	10.2623	9.8511	0.0214	0.4068	0.157088
991	10.1481	9.7634	0.0213	0.3732	0.156832
992	10.2386	9.588	0.0205	0.3566	0.159264
993	10.1934	9.7339	0.021	0.3946	0.156384
994	9.988	9.7259	0.0214	0.3707	0.159904
995	10.2116	9.7782	0.021	0.4405	0.156192
996	10.1679	9.7837	0.0211	0.4066	0.157056
997	10.1485	9.7078	0.0221	0.3402	0.159072
998	10.2234	9.6692	0.0212	0.4039	0.155808
999	10.1607	9.8333	0.0205	0.4138	0.156192
1000	10.0384	9.6347	0.0212	0.3394	0.158016
1001	10.2405	9.6008	0.0204	0.3755	0.155648
1002	10.0253	9.7403	0.0223	0.3601	0.157728
1003	10.0268	9.7806	0.0213	0.3849	0.15568
1004	10.2958	9.8988	0.0217	0.509	0.155808
1005	10.3649	9.8808	0.0218	0.541	0.158304
1006	10.379	9.7856	0.0212	0.4361	0.155232
1007	10.4411	9.7927	0.0221	0.5199	0.154944
1008	10.164	9.9326	0.0213	0.3459	0.155872
1009	10.3374	9.8782	0.0212	0.4937	0.155456
1010	10.4818	9.7766	0.0213	0.5036	0.157312
1011	10.2951	9.9285	0.0218	0.3833	0.154912
1012	10.222	9.8903	0.0209	0.4088	0.15488
1013	10.3135	9.7746	0.0231	0.3523	0.157056
1014	10.2929	9.7698	0.021	0.3711	0.155072
1015	10.2323	9.7852	0.0218	0.4212	0.154304
1016	10.2018	9.7412	0.0211	0.3946	0.154368
1017	10.1964	9.807	0.0213	0.3782	0.154336
1018	10.1261	9.7821	0.0218	0.3538	0.15696
1019	10.2687	9.792	0.0205	0.4223	0.154592
1020	10.1984	9.7473	0.0221	0.3827	0.154496
1021	10.1619	9.7339	0.0204	0.3404	0.155392
1022	10.2074	9.914	0.0229	0.4204	0.153792
1023	10.093	9.8489	0.0214	0.3299	0.15632
1024	10.5129	9.9134	0.0212	0.5443	0.153504
1025	10.3493	9.9304	0.022	0.4529	0.153632
1026	10.2902	9.838	0.021	0.3461	0.155456
1027	10.3793	9.8941	0.0212	0.4114	0.153024
1028	10.3097	9.958	0.021	0.439	0.153088
1029	10.2773	9.9179	0.0219	0.3529	0.1536
1030	10.3911	9.8482	0.0212	0.3965	0.15328
1031	10.4285	9.856	0.0215	0.4778	0.15616
1032	10.2684	9.827	0.0206	0.3872	0.153248
1033	10.3278	9.9405	0.0213	0.4307	0.15264
1034	10.1932	9.9848	0.0216	0.3359	0.1552
1035	10.4325	9.7937	0.0209	0.447	0.152896
1036	10.397	9.8309	0.0211	0.3801	0.155552
1037	10.4843	9.8346	0.0208	0.6598	0.15296
1038	10.2969	9.9028	0.0216	0.4246	0.15232
1039	10.2086	9.842	0.0222	0.3436	0.154912
1040	10.3528	9.9401	0.0217	0.4134	0.152032
1041	10.2655	9.9867	0.0205	0.3879	0.152352
1042	10.3132	10.0997	0.0214	0.3422	0.153824
1043	10.7155	10.1542	0.0213	0.6992	0.151968
1044	10.6107	10.2211	0.0209	0.4624	0.152096
1045	10.5415	10.1869	0.0254	0.3547	0.153216
1046	10.6622	10.1595	0.0212	0.406	0.151776
1047	10.5886	10.2837	0.0226	0.3649	0.153568
1048	10.5903	10.1892	0.0212	0.3964	0.151776
1049	10.7239	10.1099	0.0218	0.4024	0.15168
1050	10.5697	10.1816	0.0212	0.3504	0.15376
1051	10.5706	10.184	0.0214	0.4219	0.15136
1052	10.6114	10.1573	0.0215	0.395	0.151584
1053	10.5517	10.2819	0.0214	0.3379	0.154752
1054	10.6049	10.2295	0.0211	0.4105	0.151584
1055	10.7424	10.1143	0.0207	0.4222	0.152064
1056	10.6014	10.2654	0.0261	0.3418	0.154592
1057	10.5575	10.2623	0.0216	0.4092	0.151904
1058	10.6536	10.3329	0.0217	0.3524	0.151552
1059	10.6532	10.1922	0.022	0.359	0.151424
1060	10.7525	10.1685	0.0205	0.3855	0.15168
1061	10.5698	10.3624	0.0215	0.345	0.155008
1062	10.5527	10.3954	0.0214	0.3539	0.152
1063	10.9689	10.3964	0.0212	0.5597	0.151712
1064	10.9147	10.5102	0.0218	0.4775	0.15472
1065	10.8561	10.5916	0.0212	0.4211	0.151776
1066	10.9907	10.6914	0.0221	0.4381	0.151936
1067	11.0001	10.5158	0.0226	0.3763	0.15312
1068	11.1084	10.5653	0.0212	0.3832	0.152384
1069	10.9463	10.65	0.0212	0.3948	0.151296
1070	10.9444	10.6454	0.0211	0.3486	0.152992
1071	11.0705	10.7019	0.0211	0.3865	0.152384
1072	11.0496	10.5976	0.0212	0.3721	0.151488
1073	11.0971	10.6615	0.0217	0.3629	0.152288
1074	11.0135	10.8256	0.0269	0.3834	0.152192
1075	11.0708	10.8577	0.0212	0.3771	0.151968
1076	11.3296	10.8465	0.0212	0.4564	0.151776
1077	11.3211	10.7135	0.0212	0.4241	0.152
1078	11.2743	10.82	0.0205	0.3935	0.151424
1079	11.0769	10.7767	0.0214	0.3333	0.1544
1080	11.242	10.987	0.0214	0.3874	0.151648
1081	11.2361	11.0826	0.0215	0.423	0.151936
1082	11.5141	11.0679	0.0212	0.48	0.15184
1083	11.5382	10.9891	0.0212	0.417	0.151808
1084	11.5091	11.1915	0.0209	0.4044	0.15136
1085	11.3611	11.1582	0.0218	0.3419	0.152896
1086	11.6395	11.0437	0.0228	0.4138	0.15216
1087	11.5762	10.9157	0.0207	0.3829	0.151392
1088	11.4773	11.0485	0.0206	0.3988	0.151872
1089	11.2748	11.2203	0.0214	0.3294	0.152768
1090	11.4591	11.0075	0.0211	0.3783	0.15168
1091	11.7179	11.2376	0.0214	0.452	0.151872
1092	11.3899	11.2839	0.0212	0.3512	0.154688
1093	11.6438	11.3232	0.0213	0.3734	0.151264
1094	11.7229	11.3046	0.0205	0.4034	0.151808
1095	11.696	11.4109	0.0218	0.3417	0.15504
1096	11.7159	11.3751	0.0204	0.3793	0.151392
1097	11.8467	11.5296	0.0213	0.4036	0.151456
1098	11.7878	11.7605	0.0214	0.3798	0.151264
1099	12.1634	11.7072	0.0217	0.5865	0.1512
1100	12.2636	11.7223	0.0205	0.4549	0.151424
1101	12.1339	11.7656	0.0216	0.391	0.151328
1102	12.0851	11.8206	0.0212	0.3334	0.1536
1103	12.1352	11.8396	0.0211	0.34	0.150528
1104	12.2471	11.88	0.0212	0.3925	0.1512
1105	12.2561	11.8754	0.0212	0.3847	0.150944
1106	12.2706	11.9711	0.0213	0.3589	0.152576
1107	12.2948	11.931	0.0217	0.3851	0.150976
1108	12.4452	11.942	0.0211	0.4334	0.150816
1109	12.4796	12.0277	0.0211	0.5063	0.150624
1110	12.3262	12.0468	0.0206	0.3433	0.152544
1111	12.48	11.9894	0.0213	0.4141	0.150176
1112	12.4814	11.9098	0.0212	0.3984	0.150144
1113	12.4467	12.0731	0.0207	0.4202	0.149952
1114	12.2835	12.1458	0.0213	0.3431	0.152576
1115	12.5169	12.245	0.0211	0.407	0.150496
1116	12.678	12.2955	0.021	0.4861	0.15024
1117	12.6898	12.3611	0.0209	0.407	0.15008
1118	12.6723	12.2844	0.0205	0.3467	0.15216
1119	12.7846	12.4783	0.0214	0.3888	0.149536
1120	12.6972	12.5842	0.0211	0.3794	0.149632
1121	12.9103	12.542	0.0206	0.3965	0.149472
1122	13.0064	12.452	0.0205	0.3888	0.152352
1123	12.9643	13.2357	0.0215	0.3878	0.149792
1124	12.9625	12.7839	0.0212	0.4778	0.149952
1125	13.7479	12.8114	0.0226	0.4644	0.150144
1126	13.2192	12.8439	0.0214	0.3984	0.149184
1127	13.3592	12.935	0.021	0.5044	0.152512
1128	13.3327	12.9535	0.0211	0.4487	0.149472
1129	13.3606	12.9596	0.0219	0.3903	0.149344
1130	13.3842	13.012	0.0211	0.3959	0.149056
1131	13.3717	13.0903	0.0222	0.3783	0.149184
1132	13.5454	13.1816	0.0217	0.4879	0.148544
1133	13.6239	13.232	0.0218	0.4845	0.149152
1134	13.6406	13.3242	0.0227	0.4197	0.148992
1135	13.6915	13.2771	0.022	0.4189	0.14832
1136	13.7722	13.2728	0.0219	0.4092	0.148448
1137	13.6964	13.5089	0.0223	0.3838	0.148288
1138	13.794	13.47	0.0213	0.4897	0.149376
1139	13.9365	13.544	0.0216	0.3905	0.148064
1140	13.9662	13.7407	0.0592	0.4517	0.148928
1141	13.9996	13.4604	0.0212	0.417	0.148192
1142	14.2995	13.4586	0.0211	0.472	0.14752
1143	13.844	13.6212	0.0208	0.3506	0.148384
1144	13.8315	13.5956	0.023	0.3432	0.148896
1145	14.0153	13.6098	0.0217	0.3594	0.147328
1146	14.2963	13.6278	0.0215	0.6461	0.147552
1147	14.1254	13.7101	0.0211	0.4672	0.147776
1148	14.011	13.7353	0.0207	0.3502	0.147168
1149	14.1092	13.7786	0.0208	0.3665	0.147296
1150	14.1311	13.7752	0.021	0.3648	0.147424
1151	14.1445	13.7776	0.0208	0.3362	0.149248
1152	14.1548	13.8911	0.0212	0.3493	0.147072
1153	14.1514	13.9063	0.0208	0.3447	0.146624
1154	14.3841	13.8839	0.0211	0.4499	0.146976
1155	14.3451	13.7871	0.0211	0.4008	0.147392
1156	14.2708	13.771	0.0219	0.3544	0.147232
1157	14.1768	13.8882	0.0212	0.3598	0.147968
1158	14.1392	13.9078	0.0203	0.3379	0.146784
1159	14.2511	14.1995	0.021	0.3329	0.146624
1160	14.2728	14.258	0.0212	0.3353	0.146592
1161	14.7334	14.3489	0.0208	0.4882	0.146784
1162	14.6744	14.3786	0.021	0.381	0.14656
1163	14.7195	14.41	0.0203	0.3399	0.1464
1164	14.7596	14.2635	0.0204	0.3506	0.146368
1165	14.7706	14.3267	0.0203	0.3318	0.147232
1166	14.6185	14.4238	0.0212	0.3266	0.146368
1167	14.6937	14.543	0.0205	0.3375	0.146336
1168	14.887	14.4534	0.0208	0.4228	0.146592
1169	14.9774	14.5692	0.022	0.3971	0.145856
1170	14.8505	14.7091	0.022	0.3656	0.14608
1171	15.0537	14.7544	0.0215	0.4436	0.146176
1172	15.2007	14.8545	0.0211	0.4492	0.14608
1173	15.1431	15.111	0.0213	0.3562	0.146144
1174	15.3202	15.1298	0.0236	0.4308	0.146176
1175	15.7151	15.0931	0.0214	0.5544	0.14512
1176	15.5311	15.0983	0.0212	0.3652	0.145888
1177	15.5513	15.1266	0.0213	0.4236	0.146496
1178	15.5142	15.2141	0.0212	0.3816	0.145472
1179	15.5643	15.3266	0.0206	0.4024	0.14608
1180	15.6449	15.4167	0.0212	0.3958	0.146304
1181	15.7373	15.4923	0.0206	0.3774	0.145504
1182	15.9007	15.5047	0.0213	0.4399	0.146208
1183	15.9184	15.7669	0.0213	0.3902	0.14512
1184	16.0097	15.7439	0.0205	0.4659	0.145472
1185	16.2888	15.8569	0.0207	0.4808	0.145856
1186	16.17	16.1867	0.0214	0.3904	0.1456
1187	16.3517	16.1718	0.0225	0.4556	0.145952
1188	16.7381	16.2503	0.0218	0.5038	0.145312
1189	16.605	16.3015	0.0213	0.3955	0.145152
1190	16.6962	16.2387	0.021	0.41	0.144896
1191	16.7767	16.31	0.0209	0.4348	0.145408
1192	16.693	16.2126	0.0222	0.4185	0.144768
1193	16.7607	16.3357	0.0212	0.4115	0.144928
1194	16.6839	16.4653	0.0207	0.4303	0.145152
1195	16.8049	16.5004	0.0213	0.4276	0.145056
1196	16.9036	16.4283	0.0205	0.4015	0.144768
1197	16.9791	16.5158	0.021	0.4394	0.144736
1198	16.8605	16.7958	0.0213	0.3965	0.144544
1199	16.9522	16.8583	0.0213	0.3993	0.144864
1200	17.3318	16.7927	0.0222	0.4881	0.145504
1201	17.3545	16.0819	0.0219	0.4527	0.144928
1202	17.3073	16.0601	0.0215	0.4743	0.143872
1203	16.5741	16.4695	0.058	0.4553	0.14528
1204	16.5379	17.0846	0.0206	0.4423	0.144064
1205	17.096	16.7507	0.0214	0.5429	0.144512
1206	17.5697	16.6856	0.0218	0.442	0.14496
1207	17.217	16.8008	0.0223	0.4065	0.14544
1208	17.0861	16.7142	0.0209	0.366	0.144864
1209	17.1978	16.7151	0.0218	0.3632	0.145024
1210	17.0871	16.8699	0.0219	0.3425	0.144608
1211	17.0888	16.8812	0.0212	0.3432	0.144256
1212	17.4102	16.8704	0.0211	0.4917	0.144864
1213	17.3412	16.9857	0.0211	0.4184	0.144448
1214	17.28	16.7081	0.0217	0.3773	0.145696
1215	17.3743	16.6745	0.0218	0.3588	0.144576
1216	17.1211	16.769	0.0221	0.3797	0.144256
1217	17.0537	16.7594	0.0218	0.3477	0.144288
1218	17.2366	16.67	0.0209	0.4268	0.144288
1219	17.1561	16.7472	0.0217	0.3623	0.144096
1220	17.0577	16.7003	0.0209	0.3558	0.144352
1221	17.148	16.6352	0.021	0.3679	0.144512
1222	17.0809	16.7816	0.0218	0.3486	0.14432
1223	17.0127	16.61	0.0218	0.3469	0.144064
1224	17.2994	16.5048	0.0214	0.4712	0.144704
1225	17.113	17.2451	0.0243	0.4581	0.144576
1226	16.9727	19.0302	0.0211	0.4273	0.14416
1227	18.156	16.5162	0.0213	0.8543	0.14464
1228	19.5689	16.5706	0.0212	0.4893	0.144768
1229	17.0535	16.5049	0.022	0.4913	0.14432
1230	17.064	16.0471	0.0219	0.4508	0.144448
1231	16.9856	15.9315	0.0217	0.4378	0.144832
1232	16.5415	15.9236	0.0215	0.4547	0.14448
1233	16.4097	15.8524	0.0217	0.4408	0.144896
1234	16.4908	16.4569	0.0213	0.5219	0.145408
1235	16.4943	17.7426	0.0254	0.5927	0.144384
1236	17.0219	16.3478	0.0221	0.5141	0.144768
1237	18.3001	16.2713	0.021	0.5023	0.145376
1238	16.7395	16.2585	0.021	0.3572	0.144704
1239	16.6466	16.2472	0.0211	0.3447	0.144832
1240	16.6412	16.281	0.0209	0.3512	0.145216
1241	16.6252	16.1423	0.0211	0.3474	0.1448
1242	16.7413	16.1045	0.0211	0.422	0.145408
1243	16.5864	16.0333	0.0209	0.4074	0.145632
1244	16.5224	16.0467	0.021	0.3802	0.14528
1245	16.4016	16.0098	0.0247	0.3379	0.145472
1246	16.4118	15.9475	0.0213	0.3363	0.145408
1247	16.4191	15.846	0.0213	0.3704	0.145376
1248	16.4763	15.82	0.0211	0.4811	0.14544
1249	16.262	15.7521	0.0211	0.3806	0.145344
1250	16.2103	15.8364	0.021	0.3572	0.145248
1251	16.1296	15.6677	0.0209	0.347	0.145536
1252	16.2119	15.6453	0.0216	0.3455	0.145696
1253	16.0966	15.5906	0.021	0.3955	0.14528
1254	16.0721	15.5212	0.0218	0.3911	0.145504
1255	16.0324	15.4955	0.021	0.405	0.14576
1256	15.9125	15.4437	0.021	0.3583	0.145952
1257	15.8929	15.386	0.0216	0.3648	0.145824
1258	15.8192	15.2197	0.0204	0.3447	0.145184
1259	15.7554	15.3035	0.022	0.3389	0.146048
1260	15.5872	15.326	0.021	0.3382	0.146048
1261	15.8235	15.1739	0.022	0.473	0.14608
1262	15.7166	15.123	0.021	0.3576	0.145696
1263	15.5633	15.0997	0.0209	0.3572	0.146432
1264	15.4994	15.0657	0.0219	0.3464	0.149888
1265	15.4677	14.9944	0.0217	0.3385	0.145984
1266	15.568	14.9659	0.0212	0.4596	0.146368
1267	15.3898	14.9734	0.0212	0.3612	0.146304
1268	15.413	14.9424	0.0211	0.4092	0.146912
1269	15.377	14.8977	0.0214	0.37	0.146944
1270	15.3319	14.8418	0.021	0.358	0.146304
1271	15.2772	14.8909	0.0208	0.3481	0.14608
1272	15.2164	14.8483	0.0213	0.3442	0.146688
1273	15.2792	14.945	0.0227	0.3568	0.146816
1274	15.3806	14.8333	0.0215	0.485	0.14704
1275	15.3596	14.8166	0.0214	0.377	0.146784
1276	15.224	14.6858	0.0219	0.3582	0.14656
1277	15.2553	14.658	0.0214	0.4007	0.147008
1278	15.0644	14.6442	0.0215	0.3465	0.146912
1279	15.0279	14.5783	0.0212	0.3402	0.146208
1280	15.0161	14.6223	0.0212	0.341	0.14752
1281	15.0426	14.6934	0.0203	0.4245	0.146656
1282	15.0841	14.5939	0.0209	0.4228	0.146528
1283	15.0608	14.6082	0.0209	0.337	0.14704
1284	14.9769	14.475	0.0213	0.3517	0.14752
1285	14.9817	14.3975	0.0211	0.3441	0.147328
1286	14.8504	14.5571	0.0213	0.3444	0.147424
1287	14.7604	14.553	0.0217	0.3339	0.148608
1288	15.0803	14.537	0.021	0.4769	0.147104
1289	14.9468	14.4854	0.0208	0.3596	0.147296
1290	14.9565	14.4532	0.0209	0.3851	0.147808
1291	14.8616	14.3792	0.021	0.3456	0.147648
1292	14.8343	14.4732	0.0218	0.3501	0.147104
1293	14.7429	14.4605	0.0211	0.3345	0.14784
1294	14.8449	14.4771	0.0211	0.3409	0.148032
1295	14.9431	14.3998	0.0212	0.4403	0.147296
1296	14.8814	14.331	0.0216	0.3713	0.14864
1297	14.765	14.2213	0.0203	0.3354	0.149952
1298	14.7093	14.162	0.0211	0.3468	0.148224
1299	14.5784	14.2943	0.0214	0.3285	0.148384
1300	14.6351	14.6899	0.0213	0.4351	0.148224
1301	15.0353	14.51	0.0213	0.6856	0.14784
1302	15.213	14.6128	0.0223	0.4733	0.148512
1303	14.9542	14.4758	0.0219	0.407	0.148512
1304	15.0391	14.5303	0.0209	0.3908	0.148128
1305	14.9517	14.3	0.0211	0.4414	0.148416
1306	14.9216	14.2564	0.031	0.3605	0.15072
1307	14.7608	14.4294	0.0205	0.4228	0.147904
1308	14.7014	14.2723	0.0219	0.4001	0.148256
1309	14.8267	14.2317	0.0209	0.3651	0.148128
1310	14.7408	14.0997	0.0207	0.4293	0.148096
1311	14.6643	14.1934	0.0215	0.3961	0.148448
1312	14.5301	14.0054	0.0213	0.3949	0.148832
1313	14.6686	14.0383	0.0213	0.4326	0.148672
1314	14.4572	14.3973	0.0223	0.419	0.148992
1315	14.6039	14.334	0.0231	0.5167	0.148896
1316	14.9318	14.369	0.0213	0.4863	0.149088
1317	14.9617	14.1871	0.0211	0.5828	0.148896
1318	14.8295	14.0208	0.0211	0.4217	0.1488
1319	14.6034	13.8982	0.0221	0.3831	0.1488
1320	14.45	14.0287	0.0211	0.394	0.148608
1321	14.3351	13.9501	0.0221	0.4008	0.148416
1322	14.4698	14.1843	0.0213	0.4065	0.14864
1323	14.4423	14.1543	0.0212	0.4495	0.148768
1324	14.6489	13.9426	0.021	0.4247	0.148768
1325	14.5783	13.9067	0.0206	0.3888	0.148736
1326	14.394	13.9991	0.0212	0.4149	0.14912
1327	14.3536	14.0093	0.0218	0.4083	0.148736
1328	14.6258	13.8643	0.0212	0.5916	0.148512
1329	14.6619	13.9075	0.0211	0.5952	0.148512
1330	14.4081	13.9019	0.0211	0.4945	0.14896
1331	14.2793	13.7313	0.0208	0.3406	0.152032
1332	14.2686	13.6872	0.0223	0.3373	0.147904
1333	14.1025	13.662	0.0211	0.3418	0.148576
1334	14.0593	13.6332	0.0214	0.3398	0.148224
1335	14.0351	13.6486	0.0209	0.3431	0.148352
1336	14.1427	13.6466	0.0216	0.4648	0.14896
1337	14.2016	13.632	0.0207	0.5074	0.147648
1338	14.0591	13.6155	0.021	0.3763	0.148992
1339	14.0176	13.5878	0.0207	0.3544	0.148992
1340	14.0002	13.5996	0.0214	0.3533	0.148224
1341	13.9537	13.6265	0.0212	0.3363	0.148576
1342	13.9928	13.663	0.0213	0.3611	0.148928
1343	14.1164	13.6751	0.0214	0.4452	0.148448
1344	14.1915	13.6479	0.0216	0.4808	0.148064
1345	14.073	13.656	0.0218	0.3637	0.14832
1346	14.0332	13.6699	0.021	0.3534	0.147616
1347	14.034	13.579	0.0217	0.346	0.148448
1348	14.0468	13.5147	0.0211	0.3469	0.148608
1349	13.9469	13.5373	0.0211	0.3375	0.147936
1350	13.9053	13.5255	0.0209	0.3611	0.151072
1351	13.9428	13.5896	0.0209	0.3729	0.147936
1352	13.9959	13.5596	0.0207	0.4306	0.148128
1353	14.0093	13.5588	0.0216	0.3852	0.148064
1354	13.9408	13.4746	0.0204	0.3498	0.148192
1355	13.9525	13.4124	0.0216	0.3605	0.147776
1356	13.8302	13.459	0.0212	0.3265	0.149568
1357	13.7826	13.656	0.0213	0.3401	0.14816
1358	13.8852	13.6125	0.0219	0.3943	0.147808
1359	14.1496	13.5901	0.0211	0.4466	0.148064
1360	14.0068	13.4587	0.0208	0.3595	0.148032
1361	13.9785	13.5321	0.0208	0.3568	0.147744
1362	13.8283	13.4251	0.0211	0.3401	0.148896
1363	13.8958	13.3439	0.021	0.3341	0.147424
1364	13.7894	13.4144	0.0207	0.334	0.147648
1365	13.7286	13.3744	0.0212	0.3533	0.14768
1366	13.8993	13.3366	0.021	0.4528	0.147392
1367	13.8795	13.3747	0.0207	0.4605	0.14752
1368	13.7078	13.2656	0.0208	0.3402	0.149472
1369	13.7407	13.1823	0.0207	0.3367	0.147008
1370	13.6409	13.2025	0.0204	0.3451	0.146912
1371	13.5462	13.1208	0.0215	0.334	0.146976
1372	13.571	13.37	0.0212	0.3384	0.146624
1373	13.8096	13.2704	0.0211	0.6371	0.146912
1374	13.9067	13.2528	0.0209	0.4879	0.146688
1375	13.6537	13.2907	0.021	0.3514	0.146496
1376	13.6289	13.2112	0.0218	0.3456	0.147072
1377	13.6638	13.1852	0.0208	0.3438	0.146624
1378	13.6037	13.1591	0.0205	0.3584	0.145952
1379	13.5551	12.9753	0.0203	0.3399	0.147424
1380	13.5223	13.1792	0.0229	0.3338	0.1464
1381	13.3365	13.1714	0.0208	0.333	0.146656
1382	13.6961	13.2165	0.022	0.4659	0.146528
1383	13.5507	13.0996	0.0207	0.3478	0.145888
1384	13.7016	13.2213	0.0217	0.4418	0.146432
1385	13.4743	13.0326	0.0211	0.3434	0.148096
1386	13.607	13.0146	0.0207	0.354	0.145984
1387	13.4037	13.4578	0.022	0.3416	0.1464
1388	13.3784	13.2966	0.0217	0.3344	0.145568
1389	13.9812	13.3849	0.0217	0.4714	0.146016
1390	13.6997	13.3257	0.0213	0.3702	0.14912
1391	13.837	13.3131	0.0224	0.4137	0.14544
1392	13.7706	13.3433	0.0209	0.4087	0.145952
1393	13.7411	13.1955	0.0246	0.3918	0.14544
1394	13.7763	13.2656	0.0209	0.3977	0.145056
1395	13.6297	13.2869	0.0219	0.3953	0.145184
1396	13.632	13.3367	0.021	0.3368	0.1472
1397	13.7539	13.3285	0.0217	0.4287	0.145088
1398	13.8403	13.3413	0.0214	0.4638	0.145504
1399	13.8127	13.212	0.0213	0.44	0.144864
1400	13.781	13.1348	0.0227	0.4026	0.1448
1401	13.6723	13.1009	0.0221	0.4219	0.144352
1402	13.5292	13.4923	0.0215	0.36	0.145376
1403	13.51	13.3342	0.0213	0.376	0.1432
1404	14.0265	13.426	0.0234	0.4893	0.143872
1405	13.7846	13.3398	0.0214	0.4117	0.144064
1406	13.8745	13.4479	0.0228	0.408	0.143648
1407	13.7445	13.4525	0.0218	0.3736	0.145536
1408	14.0054	13.3434	0.0213	0.5094	0.143712
1409	13.9679	13.4128	0.0211	0.4683	0.14304
1410	13.7885	13.4078	0.0214	0.4083	0.14352
1411	13.8293	13.3622	0.022	0.3828	0.143328
1412	13.9036	13.5011	0.0209	0.4508	0.143008
1413	13.798	13.5733	0.0209	0.4009	0.145568
1414	13.8924	13.8235	0.0241	0.358	0.14272
1415	13.9923	13.4741	0.0208	0.3858	0.142752
1416	14.3525	13.4033	0.0214	0.4809	0.142656
1417	13.9054	13.53	0.0214	0.3951	0.142848
1418	13.9696	13.5144	0.0209	0.515	0.142176
1419	14.0841	13.7003	0.0213	0.5042	0.1424
1420	13.8801	13.5861	0.022	0.335	0.14352
1421	14.2792	13.5793	0.0213	0.5326	0.14176
1422	14.1662	13.681	0.0213	0.5325	0.141824
1423	14.1147	13.6853	0.0232	0.4894	0.141856
1424	14.1191	13.7036	0.0212	0.4022	0.142112
1425	14.3731	13.4808	0.0217	0.6335	0.14176
1426	14.3256	13.5496	0.0211	0.5737	0.14144
1427	13.902	13.4984	0.0211	0.3832	0.141536
1428	13.982	13.538	0.0213	0.3972	0.141376
1429	13.9406	13.5329	0.0219	0.4047	0.141248
1430	13.954	13.5407	0.021	0.382	0.141024
1431	13.9632	13.6244	0.0221	0.3951	0.14096
1432	13.9983	13.6011	0.0245	0.4206	0.140608
1433	14.1517	13.6542	0.0217	0.48	0.140928
1434	14.0479	13.5193	0.0226	0.4066	0.140992
1435	14.1074	13.5738	0.0215	0.4139	0.140064
1436	13.9741	13.6727	0.0221	0.4148	0.140128
1437	14.0036	13.5138	0.0209	0.3938	0.140288
1438	14.0992	13.5396	0.0205	0.3909	0.139936
1439	13.8792	13.5691	0.0207	0.3356	0.141984
1440	13.9883	13.5567	0.0212	0.4109	0.139616
1441	14.0158	13.5424	0.0228	0.408	0.138976
1442	14.0135	13.5809	0.0221	0.4159	0.13936
1443	14.0003	13.4897	0.0206	0.4167	0.140032
1444	14.0422	13.4043	0.0215	0.4211	0.138848
1445	13.878	13.4259	0.0205	0.3581	0.140448
1446	13.8299	13.7089	0.0212	0.3905	0.139168
1447	13.82	13.6935	0.0212	0.3627	0.138176
1448	14.2447	13.7013	0.0213	0.49	0.13808
1449	14.1588	13.7406	0.0213	0.4171	0.138592
1450	14.1503	13.7046	0.0213	0.4125	0.137376
1451	14.1968	13.6099	0.0209	0.4176	0.138112
1452	14.0829	13.5778	0.0209	0.3474	0.141376
1453	14.0417	13.5598	0.0223	0.3981	0.137792
1454	13.9941	13.5396	0.0229	0.3828	0.138112
1455	14.1347	13.4713	0.0211	0.5249	0.1376
1456	14.0409	13.4055	0.0209	0.454	0.137408
1457	13.8953	13.4181	0.0212	0.3896	0.137536
1458	13.8008	13.4299	0.0206	0.3653	0.140768
1459	13.8456	13.491	0.0214	0.3926	0.137248
1460	13.8469	13.5443	0.0233	0.3839	0.137184
1461	13.904	13.9019	0.0222	0.3788	0.137536
1462	14.1951	13.9143	0.0217	0.5976	0.137376
1463	14.4654	13.8417	0.0712	0.5149	0.13712
1464	14.4183	13.6721	0.0211	0.4658	0.137536
1465	14.4161	13.8433	0.0797	0.4776	0.138848
1466	14.1057	13.8	0.0214	0.4016	0.136832
1467	14.3724	13.8147	0.0206	0.4293	0.136832
1468	14.2213	13.8117	0.0214	0.386	0.136832
1469	14.2327	13.9672	0.0218	0.3833	0.136576
1470	14.3064	13.9798	0.0216	0.4487	0.13664
1471	14.4146	13.9072	0.0219	0.4101	0.136864
1472	14.3685	13.9729	0.021	0.3569	0.137792
1473	14.3314	13.8909	0.0207	0.3885	0.136416
1474	14.4067	13.756	0.0214	0.4003	0.136672
1475	14.3165	14.0896	0.0213	0.3895	0.136192
1476	14.2473	13.9801	0.022	0.4505	0.136416
1477	14.5887	13.8918	0.0216	0.4523	0.136192
1478	14.4066	13.9027	0.0215	0.3904	0.136096
1479	14.3296	13.8333	0.0214	0.4044	0.139648
1480	14.3909	13.8179	0.0213	0.4504	0.13648
1481	14.3049	13.7427	0.0215	0.4364	0.136064
1482	14.199	13.7881	0.0211	0.3505	0.136448
1483	14.1818	13.6735	0.0212	0.4019	0.136192
1484	14.2903	13.801	0.0212	0.4553	0.136128
1485	14.1567	13.8015	0.021	0.4422	0.13648
1486	14.2068	13.7543	0.0218	0.3716	0.13632
1487	14.2584	13.8965	0.044	0.4172	0.136032
1488	14.1774	13.6755	0.021	0.3884	0.136064
1489	14.4377	13.8534	0.0238	0.4703	0.136
1490	14.0549	13.8818	0.0215	0.3466	0.136032
1491	14.3771	13.8232	0.0211	0.4741	0.135808
1492	14.3416	13.8535	0.0209	0.4185	0.13584
1493	14.2074	13.7913	0.0264	0.3527	0.138528
1494	14.2738	13.9242	0.0216	0.3873	0.136608
1495	14.2271	13.8229	0.0219	0.3955	0.136192
1496	14.3473	13.7219	0.0264	0.3878	0.135424
1497	14.267	13.6111	0.0211	0.4072	0.136192
1498	14.1821	13.6665	0.0205	0.4122	0.135616
1499	14.1159	13.7556	0.0205	0.4629	0.13648
1500	14.0321	13.7173	0.0213	0.3361	0.137696
1501	14.165	13.7098	0.0205	0.377	0.136064
1502	14.1466	13.7103	0.021	0.3944	0.136352
1503	14.1281	13.7071	0.0214	0.3841	0.135648
1504	14.1404	14.1204	0.0218	0.3957	0.136
1505	14.245	14.0347	0.0218	0.4915	0.13616
1506	14.7169	13.8123	0.0211	0.5452	0.136832
1507	14.573	13.8766	0.0217	0.4896	0.136
1508	14.4335	13.8381	0.0209	0.5845	0.135648
1509	14.3098	13.7743	0.0221	0.3968	0.135616
1510	14.2595	13.7451	0.0212	0.3877	0.136128
1511	14.1997	13.9798	0.0222	0.39	0.135968
1512	14.1793	13.8321	0.0215	0.3993	0.135616
1513	14.4876	13.7665	0.0213	0.4584	0.135712
1514	14.2175	13.6877	0.0213	0.3529	0.138848
1515	14.1897	13.7458	0.0213	0.389	0.136608
1516	14.1176	13.721	0.0212	0.3949	0.135808
1517	14.1694	13.7948	0.0216	0.3889	0.13616
1518	14.1806	13.706	0.0219	0.4221	0.136128
1519	14.2156	13.6883	0.0221	0.3859	0.136064
1520	14.3657	13.6123	0.0212	0.6078	0.139072
1521	14.0916	13.5924	0.0229	0.3681	0.139552
1522	14.0936	13.6305	0.0256	0.4411	0.135808
1523	14.0342	13.5784	0.0222	0.4039	0.136256
1524	14.0836	13.5602	0.0221	0.4124	0.135712
1525	14.0277	13.5275	0.0212	0.4121	0.135904
1526	14.0362	13.6222	0.0222	0.4332	0.136032
1527	13.9975	13.4811	0.0212	0.4369	0.138016
1528	14.1525	13.4715	0.0212	0.482	0.135904
1529	13.9501	13.5247	0.0212	0.4285	0.136256
1530	13.9073	13.4584	0.0229	0.4005	0.13568
1531	13.9531	13.51	0.026	0.3936	0.135904
1532	13.8807	13.4484	0.0222	0.3867	0.135584
1533	13.9001	13.5223	0.0222	0.354	0.13936
1534	13.9993	13.3928	0.0215	0.5038	0.135616
1535	14.0898	13.3838	0.0215	0.5179	0.136128
1536	13.8962	13.2762	0.0215	0.4641	0.135808
1537	13.8632	13.3142	0.0213	0.4427	0.135808
1538	13.7628	13.3361	0.0212	0.4495	0.135744
1539	13.7672	13.3533	0.0212	0.4205	0.139232
1540	13.7488	13.3222	0.0216	0.3787	0.135968
1541	13.8148	13.3356	0.021	0.4231	0.135872
1542	13.8332	13.1825	0.022	0.4658	0.135712
1543	13.7778	13.014	0.0206	0.4052	0.135744
1544	13.6415	13.0819	0.0213	0.4195	0.135808
1545	13.3744	13.0992	0.021	0.3308	0.139808
1546	13.4951	13.0116	0.0205	0.38	0.135584
1547	13.5787	13.0783	0.0212	0.4413	0.136128
1548	13.4275	13.811	0.0224	0.3811	0.135648
1549	13.7285	13.4639	0.0215	0.603	0.13584
1550	14.4199	13.4195	0.0217	0.5571	0.136192
1551	13.8822	13.3781	0.0213	0.3862	0.137376
1552	13.9317	13.2276	0.0212	0.4773	0.135904
1553	13.8246	13.129	0.0212	0.413	0.135744
1554	13.683	12.9534	0.0205	0.4171	0.136128
1555	13.5442	13.1244	0.0212	0.3803	0.135776
1556	13.3485	13.1145	0.0218	0.3653	0.139264
1557	13.5766	12.9552	0.0217	0.4145	0.135488
1558	13.5877	12.9708	0.0208	0.4314	0.135968
1559	13.4371	12.9851	0.0214	0.4411	0.135968
1560	13.4387	13.0218	0.0205	0.4266	0.135808
1561	13.4285	13.0544	0.0212	0.4065	0.13568
1562	13.3865	13.1208	0.0214	0.3351	0.137984
1563	13.5054	13.2566	0.0214	0.4091	0.135488
1564	13.7903	13.2487	0.0223	0.619	0.153824
1565	13.7585	13.1562	0.0209	0.4542	0.136064
1566	13.7077	13.0457	0.021	0.4192	0.135232
1567	13.5567	13.0995	0.0206	0.3704	0.13872
1568	13.4471	12.9833	0.0215	0.3694	0.135744
1569	13.509	12.9695	0.0214	0.377	0.13552
1570	13.4008	12.8646	0.0214	0.3832	0.13632
1571	13.4033	12.9265	0.0213	0.3983	0.136352
1572	13.3395	12.7651	0.0205	0.4372	0.135104
1573	13.3791	12.8918	0.0209	0.4137	0.136128
1574	13.1777	12.9353	0.0213	0.379	0.135744
1575	13.3432	12.9288	0.0205	0.414	0.135552
1576	13.359	12.8044	0.0206	0.3893	0.136
1577	13.309	12.8496	0.0213	0.3508	0.136608
1578	13.2539	13.0221	0.0207	0.4153	0.135648
1579	13.462	13.008	0.0228	0.5701	0.135968
1580	13.5347	12.9432	0.0748	0.4632	0.136
1581	13.4732	12.7448	0.021	0.4233	0.136224
1582	13.5388	12.7787	0.0204	0.4935	0.136
1583	13.1339	12.6969	0.0211	0.3554	0.135872
1584	13.1451	12.6251	0.0214	0.3371	0.135456
1585	13.0521	12.5293	0.021	0.3262	0.135808
1586	12.9921	12.5726	0.0208	0.3371	0.135744
1587	12.8987	12.5343	0.0213	0.3402	0.137632
1588	13.0617	12.5775	0.0211	0.4453	0.136032
1589	12.9628	12.4729	0.0219	0.391	0.135968
1590	12.9738	12.471	0.0203	0.3635	0.135648
1591	12.8526	12.4044	0.0203	0.3479	0.135936
1592	12.8228	12.5867	0.0211	0.3237	0.137184
1593	12.7777	12.5978	0.024	0.3448	0.135904
1594	12.9587	12.9107	0.0403	0.3424	0.135648
1595	13.2595	12.8501	0.0212	0.606	0.136032
1596	13.5094	12.7529	0.0209	0.5324	0.13952
1597	13.2791	12.7443	0.0219	0.3935	0.135808
1598	13.1755	12.8124	0.0214	0.3896	0.135968
1599	13.1996	12.6572	0.021	0.4162	0.135968
1600	13.2833	12.725	0.0204	0.431	0.135648
1601	13.0206	12.6214	0.0218	0.3331	0.138016
1602	13.1373	12.4808	0.0206	0.3802	0.135808
1603	13.1498	12.5213	0.0216	0.4876	0.136064
1604	12.9326	12.4707	0.0206	0.4118	0.135968
1605	12.9663	12.5777	0.0205	0.4085	0.135872
1606	12.8523	12.5005	0.022	0.3523	0.138016
1607	13.0063	12.5797	0.022	0.3934	0.136224
1608	12.9466	12.4868	0.0209	0.4085	0.136
1609	12.9922	12.8025	0.0229	0.3789	0.135776
1610	12.8907	12.7543	0.0213	0.3732	0.138432
1611	13.3463	12.7803	0.0215	0.4957	0.136192
1612	13.2188	12.6997	0.0212	0.4242	0.135584
1613	13.2207	12.4751	0.0205	0.4031	0.135904
1614	13.1276	12.3687	0.0211	0.3927	0.135904
1615	12.8336	12.5791	0.0209	0.3299	0.138144
1616	12.8021	12.5498	0.021	0.3979	0.136128
1617	13.0185	12.5677	0.022	0.4022	0.13568
1618	12.9674	12.5183	0.0205	0.3834	0.136032
1619	13.096	12.5164	0.0204	0.4774	0.136384
1620	12.9056	12.476	0.0206	0.3545	0.136064
1621	12.9155	12.4267	0.0214	0.3669	0.13616
1622	12.9019	12.4521	0.0787	0.3907	0.13616
1623	12.8656	12.384	0.0211	0.4031	0.13568
1624	13.0219	12.2242	0.0207	0.4645	0.138112
1625	12.8357	12.6384	0.0219	0.4162	0.136352
1626	12.6003	12.3483	0.0219	0.3466	0.135808
1627	13.1646	12.3713	0.021	0.4785	0.136
1628	12.8566	12.3596	0.021	0.4666	0.138816
1629	12.7719	12.3943	0.0211	0.3671	0.135968
1630	12.7361	12.3672	0.0211	0.3459	0.136192
1631	12.7707	12.398	0.0211	0.3457	0.136352
1632	12.9085	12.3943	0.0218	0.4961	0.136
1633	12.788	12.4796	0.0219	0.3569	0.137472
1634	12.77	12.522	0.022	0.3442	0.136512
1635	12.9938	12.475	0.0217	0.4684	0.135584
1636	13.0379	12.4473	0.0211	0.4709	0.13632
1637	12.8439	12.3718	0.0212	0.3368	0.13824
1638	12.8482	12.3245	0.022	0.3685	0.135808
1639	12.8778	12.3871	0.0216	0.4387	0.136576
1640	12.7048	12.464	0.0681	0.3476	0.136256
1641	12.9515	12.587	0.0213	0.5337	0.135264
1642	13.0099	12.5765	0.0221	0.4532	0.13824
1643	13.136	12.5189	0.0213	0.5021	0.136448
1644	13.0328	12.5936	0.0821	0.4167	0.136
1645	12.9457	12.3593	0.0219	0.3925	0.136032
1646	13.1896	12.3392	0.0208	0.4873	0.139424
1647	12.7454	12.3691	0.0211	0.3525	0.13632
1648	12.7111	12.3216	0.0209	0.3427	0.136288
1649	12.7485	12.5332	0.0391	0.3495	0.13712
1650	12.7481	12.5358	0.0215	0.3964	0.135648
1651	13.0643	12.3941	0.0217	0.4644	0.136032
1652	12.9873	12.3441	0.0214	0.4135	0.136448
1653	12.8914	12.2859	0.0205	0.4621	0.13632
1654	12.777	12.3675	0.0209	0.3975	0.13648
1655	12.6523	12.3453	0.0218	0.3373	0.13936
1656	12.7724	12.3475	0.021	0.3731	0.136576
1657	12.7894	12.5255	0.0211	0.4094	0.136448
1658	12.954	12.439	0.0221	0.5672	0.136672
1659	13.0783	12.4696	0.0213	0.5063	0.135648
1660	12.9131	12.4057	0.0212	0.4348	0.136384
1661	12.9235	12.4052	0.0212	0.4152	0.136128
1662	12.8416	12.2903	0.0213	0.4007	0.136288
1663	12.832	12.288	0.0213	0.3927	0.13648
1664	12.6535	12.2829	0.0204	0.3333	0.137824
1665	12.7107	12.2917	0.0217	0.3893	0.136128
1666	12.7052	12.2403	0.0212	0.3881	0.136416
1667	12.8405	12.2186	0.0212	0.5031	0.136544
1668	12.6362	12.1767	0.0214	0.3634	0.139104
1669	12.6495	12.2384	0.0213	0.3971	0.136928
1670	12.6058	12.2538	0.0213	0.3942	0.136416
1671	12.6917	12.2408	0.0212	0.4163	0.136192
1672	12.638	12.0713	0.0208	0.3529	0.138944
1673	12.6532	12.3831	0.0229	0.3779	0.13648
1674	12.4815	12.3156	0.0219	0.3788	0.13632
1675	12.8986	12.3888	0.0212	0.4685	0.136512
1676	12.7077	12.29	0.0212	0.3601	0.139328
1677	12.8395	12.305	0.0212	0.4127	0.136704
1678	12.7182	12.3684	0.0211	0.3939	0.136512
1679	12.7308	12.2325	0.0214	0.3908	0.136416
1680	12.786	12.2074	0.0213	0.3845	0.136832
1681	12.6042	12.4119	0.0223	0.3407	0.139584
1682	12.6115	12.1894	0.0212	0.3715	0.136928
1683	12.9235	12.1109	0.0213	0.4658	0.136608
1684	12.6533	12.1885	0.0207	0.424	0.136576
1685	12.4758	12.2026	0.0212	0.3346	0.14016
1686	12.6228	12.1414	0.0213	0.3995	0.136832
1687	12.698	12.1169	0.0213	0.4543	0.136704
1688	12.583	12.2002	0.0213	0.4043	0.136928
1689	12.4928	12.4432	0.0214	0.3457	0.139136
1690	12.6016	12.4078	0.0216	0.3693	0.136896
1691	12.9822	12.3625	0.0215	0.4911	0.136704
1692	12.8592	12.3236	0.0214	0.4125	0.136544
1693	12.7535	12.3896	0.0213	0.3598	0.139168
1694	12.7231	12.375	0.0215	0.3675	0.136736
1695	12.8123	12.3117	0.0212	0.3892	0.136896
1696	12.7959	12.296	0.0224	0.3862	0.13696
1697	12.7466	12.3082	0.0212	0.4032	0.139456
1698	12.6912	12.3166	0.0211	0.3622	0.139424
1699	12.794	12.2123	0.0218	0.4447	0.136864
1700	12.7708	12.2646	0.0216	0.4155	0.1368
1701	12.6575	12.3899	0.0213	0.4067	0.136512
1702	12.6505	12.3856	0.0206	0.3545	0.13696
1703	12.8349	12.1674	0.0212	0.4073	0.137248
1704	12.8034	12.1683	0.0231	0.3844	0.136864
1705	12.6351	12.4295	0.0214	0.4348	0.137216
1706	12.5402	12.4114	0.0212	0.3394	0.138784
1707	12.9667	12.166	0.0211	0.4917	0.136672
1708	12.8934	12.1907	0.0209	0.4394	0.136768
1709	12.6101	12.057	0.0212	0.4061	0.136896
1710	12.5719	12.1486	0.0209	0.3508	0.138304
1711	12.4808	12.1346	0.0214	0.3911	0.13696
1712	12.5928	12.0428	0.0211	0.4067	0.136928
1713	12.5495	11.8962	0.0208	0.38	0.136864
1714	12.417	12.2046	0.0209	0.3436	0.140416
1715	12.2861	12.0959	0.0218	0.3583	0.137344
1716	12.7058	12.0123	0.0212	0.4564	0.137152
1717	12.5445	12.0269	0.0212	0.4095	0.136864
1718	12.3817	12.0354	0.0209	0.3381	0.139712
1719	12.4482	12.1204	0.0468	0.3876	0.137088
1720	12.4345	12.09	0.0204	0.3677	0.137184
1721	12.7005	12.042	0.0218	0.5073	0.137248
1722	12.453	12.3186	0.0225	0.3318	0.139712
1723	12.7885	12.2769	0.022	0.7	0.137184
1724	12.8254	12.1521	0.0205	0.4571	0.137248
1725	12.698	12.2875	0.0209	0.3854	0.137504
1726	12.5942	12.2863	0.0231	0.4119	0.137792
1727	12.6829	12.2402	0.0212	0.3628	0.137408
1728	12.7211	12.0288	0.0213	0.3969	0.136896
1729	12.6824	12.1042	0.0217	0.4067	0.137184
1730	12.4492	12.1008	0.0211	0.386	0.137696
1731	12.485	12.2211	0.0447	0.3498	0.13888
1732	12.6403	11.9695	0.0219	0.4986	0.137248
1733	12.7641	11.9596	0.021	0.4709	0.137152
1734	12.3599	11.9565	0.0211	0.3578	0.137088
1735	12.3283	12.0671	0.0219	0.3393	0.14032
1736	12.3449	11.9657	0.021	0.3576	0.137632
1737	12.4941	11.9055	0.0208	0.3924	0.136864
1738	12.3399	12.0591	0.0212	0.3441	0.137696
1739	12.2714	12.0201	0.0208	0.337	0.140224
1740	12.5998	12.0257	0.0211	0.495	0.137376
1741	12.4567	12.0131	0.0211	0.3987	0.1376
1742	12.4577	12.1354	0.0218	0.4002	0.136992
1743	12.3855	12.0033	0.0214	0.3428	0.140128
1744	12.5051	12.0022	0.0211	0.339	0.137376
1745	12.4252	12.0281	0.021	0.3848	0.137216
1746	12.3855	12.0771	0.0212	0.3512	0.137184
1747	12.3965	12.0024	0.0219	0.3385	0.140864
1748	12.5363	12.025	0.0208	0.4239	0.137536
1749	12.3899	12.1104	0.0208	0.3546	0.136928
1750	12.3941	12.0357	0.0211	0.3399	0.140768
1751	12.4793	12.0666	0.0207	0.3389	0.13744
1752	12.4327	12.1395	0.0783	0.3645	0.137568
1753	12.6692	12.0858	0.0205	0.5721	0.137536
1754	12.6975	12.3202	0.0222	0.4555	0.137376
1755	12.4763	12.4086	0.0211	0.3587	0.140736
1756	13.01	12.4128	0.0221	0.6352	0.137184
1757	12.9066	12.4205	0.0218	0.4495	0.137344
1758	12.8476	12.3982	0.0238	0.3983	0.136992
1759	12.8003	12.4469	0.0213	0.3487	0.140768
1760	12.8311	12.4162	0.0213	0.3959	0.137568
1761	12.8588	12.5142	0.0215	0.3787	0.137056
1762	12.8476	12.3743	0.0212	0.3954	0.13712
1763	12.8937	12.4304	0.0209	0.3481	0.140608
1764	12.783	12.3757	0.0215	0.3765	0.136832
1765	12.9176	12.4416	0.0227	0.444	0.13728
1766	12.8101	12.5594	0.0794	0.3972	0.13744
1767	12.9096	12.3257	0.022	0.4278	0.13728
1768	13.1789	12.1323	0.0218	0.5143	0.139616
1769	12.7155	12.2891	0.021	0.356	0.137792
1770	12.5025	12.2183	0.0238	0.3398	0.137504
1771	12.6648	12.3761	0.0243	0.3456	0.137568
1772	12.9751	12.3982	0.0215	0.7042	0.137664
1773	12.8909	12.4062	0.0217	0.4636	0.13728
1774	12.8305	12.3834	0.0212	0.3966	0.137312
1775	12.821	12.3239	0.022	0.3794	0.137632
1776	12.7779	12.3632	0.0209	0.3639	0.139232
1777	12.7413	12.4118	0.0209	0.3831	0.137376
1778	12.7822	12.2188	0.0215	0.3854	0.137312
1779	12.8563	12.2878	0.0209	0.4078	0.137536
1780	12.6353	12.3866	0.0212	0.3824	0.137376
1781	12.6812	12.3326	0.0211	0.3618	0.137248
1782	12.8594	12.183	0.0215	0.4316	0.137504
1783	12.7576	12.1369	0.0214	0.3896	0.137184
1784	12.6237	12.1835	0.0215	0.4044	0.13728
1785	12.5392	12.1365	0.021	0.3714	0.141056
1786	12.6103	12.1773	0.0234	0.3916	0.137216
1787	12.5981	12.298	0.0221	0.4229	0.138272
1788	12.7612	12.2632	0.0213	0.5254	0.137632
1789	12.8747	12.2092	0.0216	0.5308	0.139808
1790	12.72	12.2839	0.0213	0.4168	0.137504
1791	12.6451	12.3011	0.0212	0.4002	0.137376
1792	12.7068	12.6523	0.0216	0.3886	0.137376
1793	12.6849	12.3742	0.0216	0.3531	0.139392
1794	13.1573	12.2306	0.0215	0.4634	0.137344
1795	12.8198	12.2982	0.0239	0.4077	0.137344
1796	12.6548	12.2928	0.0211	0.3896	0.137952
1797	12.798	12.2455	0.0212	0.4509	0.13744
1798	12.6783	12.2556	0.022	0.3537	0.139424
1799	12.6872	12.2049	0.0212	0.4059	0.138112
1800	12.6896	12.2847	0.0208	0.3978	0.137376
1801	12.6156	12.2653	0.0211	0.3778	0.13744
1802	12.6642	12.2286	0.0214	0.3502	0.141408
1803	12.6801	12.4733	0.0223	0.3818	0.13728
1804	12.8289	12.2573	0.0211	0.5544	0.137728
1805	13.0153	12.3476	0.0211	0.4899	0.138144
1806	12.6312	12.3356	0.0212	0.3427	0.14
1807	12.8508	12.2819	0.021	0.4618	0.137504
1808	12.7785	12.3272	0.0212	0.4075	0.13792
1809	12.689	12.2874	0.0206	0.3741	0.13696
1810	12.7205	12.1782	0.0205	0.3627	0.139232
1811	12.6674	12.4477	0.0258	0.3497	0.137728
1812	12.5898	12.3771	0.022	0.379	0.13728
1813	12.9464	12.5108	0.0808	0.4477	0.1376
1814	12.8377	12.3455	0.021	0.4199	0.137888
1815	13.1537	12.304	0.0211	0.5359	0.140096
1816	12.8883	12.2138	0.0213	0.5092	0.137728
1817	12.6882	12.21	0.0211	0.3519	0.138016
1818	12.5973	12.2762	0.0212	0.3527	0.137504
1819	12.5783	12.5547	0.0214	0.3391	0.141152
1820	12.9406	12.4773	0.0209	0.6165	0.137696
1821	13.0603	12.5425	0.0216	0.4565	0.137024
1822	12.8997	12.5528	0.0212	0.3879	0.1376
1823	12.9734	12.5541	0.0209	0.3975	0.13728
1824	12.9449	12.5382	0.022	0.361	0.136832
1825	12.9644	12.5244	0.0212	0.3768	0.137312
1826	12.9772	12.3595	0.0213	0.4028	0.137408
1827	12.9476	12.5048	0.0209	0.3887	0.137024
1828	12.7365	12.5237	0.021	0.3458	0.137344
1829	12.956	12.5056	0.0214	0.4135	0.138112
1830	13.001	12.4646	0.0221	0.438	0.137536
1831	12.9465	12.4298	0.0213	0.4043	0.137184
1832	12.8873	12.6142	0.0222	0.3907	0.139808
1833	12.8003	12.5506	0.0213	0.3394	0.137408
1834	13.1808	12.6497	0.0221	0.5189	0.137504
1835	13.0109	12.7614	0.0244	0.4225	0.13792
1836	13.2366	12.6213	0.0215	0.5404	0.1376
1837	13.3228	12.7338	0.0801	0.5091	0.139744
1838	13.0497	12.7579	0.022	0.3904	0.137536
1839	13.2976	12.6936	0.0217	0.4592	0.137568
1840	13.2116	12.665	0.0216	0.414	0.137088
1841	13.1376	12.6581	0.0216	0.4066	0.137504
1842	13.0461	12.6658	0.0212	0.3497	0.140928
1843	13.088	12.8577	0.0213	0.3949	0.137344
1844	13.0746	12.7288	0.022	0.3759	0.13776
1845	13.3501	12.8238	0.0208	0.4459	0.137344
1846	13.1815	12.752	0.0205	0.4127	0.137312
1847	13.2107	12.6976	0.0213	0.3561	0.140928
1848	13.1638	12.7894	0.0213	0.3798	0.137248
1849	13.1283	12.772	0.021	0.3955	0.137248
1850	13.2336	13.0925	0.0213	0.4058	0.137792
1851	13.1814	13.0815	0.0221	0.3784	0.13664
1852	13.7159	13.0641	0.0211	0.5748	0.137056
1853	13.5111	12.8666	0.021	0.3918	0.137408
1854	13.4757	12.5087	0.0212	0.3771	0.137216
1855	13.2776	12.4919	0.0224	0.377	0.137376
1856	12.9312	12.5429	0.0213	0.3903	0.137408
1857	12.8588	12.5637	0.0219	0.3355	0.139552
1858	12.913	12.5113	0.022	0.3406	0.137024
1859	12.9466	12.5132	0.0217	0.3513	0.137088
1860	12.9926	12.6019	0.0218	0.4381	0.13696
1861	12.8866	12.4825	0.0211	0.3407	0.138784
1862	12.9769	12.4395	0.0208	0.3443	0.137216
1863	12.859	12.5271	0.0247	0.3458	0.137216
1864	12.8119	12.5832	0.0207	0.3423	0.136928
1865	12.9233	12.4919	0.022	0.3611	0.13728
1866	12.9618	12.6007	0.0213	0.3474	0.137312
1867	13.0434	12.548	0.0215	0.5063	0.137152
1868	13.1624	12.5361	0.021	0.5121	0.137152
1869	12.9423	12.5593	0.0215	0.3603	0.137056
1870	12.9112	12.5073	0.0209	0.3439	0.14064
1871	12.945	12.5528	0.0218	0.3555	0.137376
1872	12.9082	12.5234	0.0213	0.3691	0.1368
1873	12.9472	12.6068	0.0214	0.361	0.136992
1874	12.923	12.5512	0.0211	0.37	0.13744
1875	13.0532	12.5903	0.0212	0.4097	0.136928
1876	13.0398	12.5354	0.0221	0.4459	0.137056
1877	13.0991	12.8286	0.0344	0.4635	0.137728
1878	13.1948	12.7972	0.0221	0.6102	0.137088
1879	13.3279	12.6998	0.0213	0.441	0.139584
1880	13.2564	12.7327	0.0219	0.4235	0.13728
1881	13.1331	12.935	0.0215	0.3967	0.136864
1882	13.1703	12.8218	0.0222	0.4012	0.136896
1883	13.5035	12.8293	0.0213	0.5143	0.137536
1884	13.5218	12.7563	0.022	0.6532	0.139136
1885	13.2681	12.8518	0.022	0.402	0.13696
1886	13.1875	12.7552	0.022	0.3925	0.136992
1887	13.2952	12.6626	0.0213	0.4092	0.137088
1888	13.1845	12.7843	0.0211	0.3943	0.13664
1889	13.0417	12.6496	0.0215	0.3485	0.14032
1890	13.1988	12.812	0.0213	0.3819	0.137152
1891	13.1375	12.7084	0.0212	0.4454	0.136832
1892	13.3064	12.6815	0.0216	0.4506	0.137312
1893	13.1364	12.6819	0.0213	0.3926	0.137056
1894	13.0728	12.8678	0.0216	0.3591	0.140448
1895	13.1123	12.7133	0.022	0.3953	0.13744
1896	13.2965	12.6551	0.0214	0.3935	0.137184
1897	13.1395	12.6516	0.021	0.3918	0.136832
1898	13.3229	12.555	0.0219	0.6347	0.137664
1899	13.1891	12.5145	0.0211	0.4887	0.137248
1900	12.9688	12.4978	0.0216	0.3779	0.136992
1901	12.9071	12.5139	0.0218	0.3605	0.137472
1902	12.8663	12.4283	0.0217	0.3381	0.136992
1903	12.8829	12.4397	0.0226	0.3385	0.139488
1904	12.794	12.4145	0.0208	0.3359	0.136992
1905	12.8218	12.4491	0.0212	0.3406	0.136992
1906	12.783	12.4345	0.0213	0.339	0.137152
1907	12.9856	12.38	0.0209	0.4913	0.13776
1908	12.8261	12.3389	0.0207	0.3564	0.136992
1909	12.7569	12.3293	0.0214	0.3457	0.136832
1910	12.7055	12.2931	0.0203	0.3375	0.137344
1911	12.7318	12.3899	0.0203	0.3701	0.136544
1912	12.6578	12.1799	0.0207	0.3351	0.13968
1913	12.7565	12.4004	0.0216	0.3374	0.137696
1914	12.5725	12.3627	0.021	0.3629	0.13648
1915	12.9164	12.4216	0.021	0.4685	0.137056
1916	12.7401	12.404	0.0213	0.3457	0.140064
1917	12.8109	12.318	0.021	0.3581	0.136608
1918	12.796	12.2375	0.0207	0.3607	0.136608
1919	12.7167	12.2845	0.0215	0.3672	0.137184
1920	12.6	12.3471	0.0714	0.3328	0.138528
1921	12.6546	12.2096	0.0217	0.3402	0.1368
1922	12.9115	12.3428	0.0212	0.468	0.137248
1923	12.7169	12.2278	0.0209	0.4627	0.136832
1924	12.875	12.3068	0.0214	0.4918	0.137024
1925	12.6045	12.236	0.0209	0.345	0.14048
1926	12.725	12.1807	0.0219	0.3846	0.136928
1927	12.6785	12.3245	0.0213	0.4048	0.136704
1928	12.6055	12.106	0.021	0.3895	0.136896
1929	12.6998	12.1294	0.022	0.3453	0.140192
1930	12.4984	13.0067	0.0217	0.3614	0.137056
1931	12.7389	12.2882	0.0211	0.5593	0.158304
1932	13.5248	12.3391	0.021	0.4679	0.137152
1933	12.7858	12.1471	0.0219	0.4588	0.140672
1934	12.7761	12.2228	0.0218	0.4014	0.13712
1935	12.563	12.1433	0.022	0.3817	0.1368
1936	12.6542	12.2336	0.0219	0.3949	0.137408
1937	12.539	12.2536	0.0217	0.3634	0.139648
1938	12.6412	12.0933	0.0211	0.3746	0.136608
1939	12.755	12.2246	0.0212	0.4578	0.1376
1940	12.5197	12.0714	0.0211	0.3906	0.13728
1941	12.7521	12.0574	0.0218	0.4811	0.13664
1942	12.4661	12.0929	0.022	0.3621	0.1392
1943	12.4873	12.1265	0.0223	0.3944	0.137024
1944	12.5281	12.1238	0.0211	0.3996	0.136736
1945	12.5314	12.2267	0.0234	0.3712	0.136928
1946	12.4947	12.0913	0.0216	0.341	0.138528
1947	12.7965	11.9462	0.0211	0.5189	0.136544
1948	12.6209	11.8936	0.0216	0.4778	0.136832
1949	12.3566	12.0168	0.0221	0.3751	0.137376
1950	12.2527	11.8978	0.021	0.3293	0.138656
1951	12.49	12.0687	0.0213	0.4275	0.136928
1952	12.2955	12.1563	0.0603	0.3635	0.136832
1953	12.7624	12.0406	0.0216	0.6432	0.136928
1954	12.6889	12.0865	0.0214	0.4483	0.140224
1955	12.4811	12.0796	0.0213	0.4054	0.136864
1956	12.5883	12.1173	0.0217	0.4552	0.13664
1957	12.5336	12.1408	0.0212	0.4151	0.136992
1958	12.4978	12.0824	0.0213	0.3493	0.14048
1959	12.5827	12.1048	0.0387	0.4064	0.136736
1960	12.5031	11.8608	0.0209	0.3865	0.137088
1961	12.6664	11.8337	0.0217	0.4976	0.136992
1962	12.2523	12.0202	0.0214	0.3589	0.13872
1963	12.4682	11.9765	0.0215	0.5835	0.137024
1964	12.7601	11.8976	0.0212	0.6895	0.137184
1965	12.4819	11.911	0.0213	0.4622	0.137088
1966	12.2812	11.955	0.022	0.3528	0.139232
1967	12.3389	11.7756	0.0211	0.3931	0.136864
1968	12.3826	11.7926	0.021	0.3916	0.136608
1969	12.2573	11.8634	0.0212	0.4393	0.136992
1970	12.1694	11.955	0.0214	0.3455	0.138816
1971	12.2741	11.771	0.0211	0.3779	0.136704
1972	12.4299	11.785	0.022	0.4342	0.136864
1973	12.2482	11.7866	0.021	0.4434	0.138752
1974	12.2162	11.6836	0.0211	0.3935	0.136896
1975	12.2261	11.8024	0.0219	0.4025	0.137088
1976	12.132	11.6783	0.0405	0.4134	0.137472
1977	12.1817	11.6076	0.0216	0.3478	0.139008
1978	12.1102	11.7585	0.0217	0.3776	0.137504
1979	12.0089	11.6988	0.0216	0.3686	0.137728
1980	12.2727	11.7067	0.0212	0.4656	0.136928
1981	12.0756	11.5975	0.0212	0.3449	0.140672
1982	12.1303	11.6567	0.0212	0.3902	0.137376
1983	12.0076	11.6828	0.0209	0.3768	0.137088
1984	12.1123	11.6306	0.0213	0.4227	0.136736
1985	12.0772	11.5861	0.0213	0.3541	0.1408
1986	12.0604	11.6656	0.0747	0.396	0.13712
1987	11.9959	11.4335	0.0209	0.3783	0.137024
1988	12.2773	11.4759	0.0221	0.5107	0.139552
1989	11.8918	11.4167	0.0218	0.4186	0.136992
1990	11.9612	11.291	0.021	0.4455	0.137312
1991	11.8088	11.3078	0.0207	0.3586	0.137696
1992	11.6743	11.3203	0.0216	0.3531	0.14
1993	11.7025	11.2571	0.0213	0.3633	0.13728
1994	11.7389	11.2346	0.0216	0.3796	0.138112
1995	11.6176	11.3138	0.0235	0.33	0.139104
1996	11.6035	11.3556	0.0214	0.3391	0.13696
1997	11.8989	11.2665	0.021	0.5361	0.137568
1998	11.884	11.2474	0.0219	0.4801	0.138176
1999	11.6328	11.2294	0.0217	0.3361	0.137152
2000	11.616	11.2166	0.0213	0.3388	0.137856
2001	11.5942	11.0767	0.021	0.3348	0.136672
2002	11.5885	11.0851	0.0217	0.342	0.139264
2003	11.4405	11.2292	0.0215	0.3346	0.137216
2004	11.4519	11.0677	0.022	0.3376	0.137056
2005	11.6208	11.091	0.0218	0.3595	0.13872
2006	11.5447	11.0765	0.0209	0.4353	0.137312
2007	11.523	11.1212	0.0212	0.3948	0.136192
2008	11.5581	11.1433	0.0215	0.4423	0.139616
2009	11.537	11.0187	0.0212	0.3795	0.137312
2010	11.5127	11.1539	0.0763	0.3391	0.1368
2011	11.5354	11.1827	0.0218	0.4875	0.136544
2012	11.7282	11.1161	0.0213	0.4744	0.140128
2013	11.5996	11.2749	0.0216	0.3822	0.137056
2014	11.5749	11.2227	0.0215	0.4204	0.136992
2015	11.8078	11.2314	0.0212	0.4867	0.137184
2016	11.6783	11.1956	0.0211	0.4161	0.136896
2017	11.6701	11.2211	0.0219	0.4029	0.13664
2018	11.5691	11.1269	0.0213	0.3426	0.140512
2019	11.6259	11.1418	0.0217	0.3723	0.136608
2020	11.5933	11.1394	0.0214	0.4266	0.137024
2021	11.5898	11.0705	0.0213	0.4131	0.137536
2022	11.5148	11.1642	0.0213	0.3446	0.13728
2023	11.484	11.0947	0.0213	0.381	0.136864
2024	11.6448	11.0035	0.021	0.4381	0.137472
2025	11.4832	11.0967	0.0208	0.3569	0.139392
2026	11.4179	11.0987	0.0212	0.3807	0.137056
2027	11.5132	10.9509	0.022	0.3821	0.137248
2028	11.4803	10.9017	0.021	0.3509	0.140064
2029	11.3824	11.0649	0.0219	0.3979	0.136832
2030	11.3036	11.039	0.0213	0.3703	0.137056
2031	11.4437	10.9748	0.0219	0.3484	0.140448
2032	11.6644	10.962	0.0213	0.5817	0.136896
2033	11.5854	11.0468	0.0212	0.5631	0.137568
2034	11.3472	11.072	0.0213	0.3533	0.139904
2035	11.4616	10.9705	0.0218	0.3811	0.136672
2036	11.5725	11.0131	0.0212	0.4617	0.137024
2037	11.3929	11.0849	0.0212	0.3866	0.137568
2038	11.3889	11.0166	0.0215	0.3449	0.139072
2039	11.5002	11.1388	0.0219	0.3824	0.136928
2040	11.4308	11.0473	0.022	0.3804	0.1368
2041	11.5173	10.9975	0.0216	0.3481	0.140032
2042	11.5184	11.0455	0.0205	0.4321	0.136864
2043	11.4806	11.0368	0.022	0.4394	0.136896
2044	11.4118	11.1048	0.0218	0.3357	0.139328
2045	11.4669	10.9828	0.0205	0.395	0.136864
2046	11.5571	10.7459	0.0205	0.4141	0.136704
2047	11.3432	10.8603	0.0208	0.331	0.1392
2048	11.1416	10.9787	0.0228	0.3653	0.13712
2049	11.2935	11.0482	0.0213	0.3989	0.136768
2050	11.6438	11.0576	0.0213	0.6027	0.137056
2051	11.5813	10.9864	0.0211	0.4863	0.136992
2052	11.4957	11.0679	0.0211	0.4022	0.136768
2053	11.4086	11.1348	0.0211	0.3876	0.136832
2054	11.4453	11.0626	0.0225	0.3469	0.140512
2055	11.558	11.1091	0.0209	0.39	0.136672
2056	11.4693	10.9887	0.0204	0.3724	0.13696
2057	11.4763	10.9379	0.0206	0.3375	0.139424
2058	11.3845	10.9011	0.021	0.3642	0.136448
2059	11.3217	11.0142	0.0208	0.3529	0.1368
2060	11.3407	11.0317	0.0217	0.4023	0.136544
2061	11.5079	11.0123	0.0216	0.4512	0.136544
2062	11.4716	10.9894	0.0206	0.4034	0.136704
2063	11.3773	10.9262	0.0214	0.3346	0.140096
2064	11.3913	10.8689	0.0205	0.3698	0.136832
2065	11.3418	10.8549	0.0206	0.3805	0.136576
2066	11.2279	11.0549	0.0213	0.33	0.139776
2067	11.2479	11.0944	0.0233	0.3614	0.136192
2068	11.626	11.0195	0.022	0.5255	0.13664
2069	11.7363	11.033	0.0211	0.5911	0.137664
2070	11.4175	11.0432	0.0211	0.3631	0.140032
2071	11.4553	11.0643	0.0213	0.3879	0.13696
2072	11.4677	11.0088	0.0204	0.3903	0.136704
2073	11.4422	10.9859	0.0217	0.3473	0.137536
2074	11.3916	10.9326	0.0205	0.3524	0.1368
2075	11.4005	10.9307	0.0222	0.3798	0.137248
2076	11.2967	11.0054	0.0207	0.3348	0.13824
2077	11.4315	10.9304	0.0204	0.46	0.136768
2078	11.4864	10.9488	0.0213	0.4366	0.136896
2079	11.3001	10.8792	0.0218	0.3394	0.13936
2080	11.4044	10.9508	0.0217	0.4175	0.13648
2081	11.308	11.0131	0.0205	0.394	0.136832
2082	11.3317	10.843	0.0214	0.3497	0.139232
2083	11.4298	10.864	0.0212	0.3838	0.136672
2084	11.2758	11.0938	0.0214	0.3966	0.136544
2085	11.242	10.9904	0.0212	0.3487	0.139648
2086	11.7676	10.953	0.021	0.6224	0.13664
2087	11.4713	10.8849	0.0211	0.4355	0.136672
2088	11.3659	10.8796	0.0228	0.3797	0.136864
2089	11.2588	10.9929	0.022	0.3437	0.1384
2090	11.31	10.9321	0.0217	0.3932	0.136512
2091	11.4132	10.8545	0.021	0.3856	0.136608
2092	11.3027	10.8081	0.0211	0.3404	0.13984
2093	11.2923	10.7288	0.0204	0.403	0.136512
2094	11.251	10.8885	0.0209	0.4067	0.13632
2095	11.0862	10.8116	0.0214	0.3285	0.139008
2096	11.3691	10.7973	0.022	0.4376	0.136576
2097	11.2576	10.8563	0.022	0.4075	0.136704
2098	11.1775	10.8594	0.0214	0.349	0.139744
2099	11.2717	10.8304	0.0221	0.3812	0.136608
2100	11.2824	10.8892	0.0215	0.3889	0.136128
2101	11.216	10.7723	0.0213	0.354	0.139392
2102	11.2953	10.8467	0.0218	0.3734	0.13664
2103	11.2028	11.1991	0.0212	0.3969	0.136288
2104	11.5704	10.9176	0.0214	0.671	0.138528
2105	11.7156	10.8968	0.0211	0.4677	0.136736
2106	11.3598	11.0955	0.066	0.4043	0.136512
2107	11.3858	11.1814	0.021	0.4585	0.138816
2108	11.7001	11.21	0.0211	0.5142	0.136416
2109	11.5657	10.8676	0.0208	0.3522	0.136224
2110	11.5843	11.199	0.0212	0.3437	0.136192
2111	11.3027	11.2138	0.0219	0.4053	0.138688
2112	11.5718	11.1457	0.0212	0.3426	0.136224
2113	11.5877	11.5214	0.0214	0.343	0.13616
2114	11.677	11.4008	0.0218	0.4925	0.13664
2115	11.9762	10.9488	0.0215	0.4135	0.136384
2116	11.8422	10.8691	0.0208	0.4071	0.136288
2117	11.3555	10.9906	0.0213	0.376	0.13904
2118	11.2914	10.9648	0.0214	0.3906	0.136032
2119	11.4193	10.9468	0.0741	0.3971	0.13616
2120	11.4108	11.1234	0.0212	0.4151	0.13632
2121	11.5143	11.1739	0.0213	0.4682	0.13648
2122	11.6586	11.1469	0.0212	0.4851	0.136288
2123	11.6299	11.1708	0.0216	0.4162	0.136224
2124	11.5343	11.179	0.0213	0.3563	0.139104
2125	11.5982	11.1473	0.0209	0.394	0.136352
2126	11.6668	11.0325	0.0211	0.4496	0.136512
2127	11.5229	11.0666	0.0212	0.3446	0.138368
2128	11.4639	11.1198	0.0222	0.3994	0.136672
2129	11.4735	11.0365	0.0214	0.3735	0.137056
2130	11.4985	11.1641	0.021	0.348	0.138752
2131	11.5212	11.1866	0.021	0.4471	0.136576
2132	11.6181	11.2977	0.0218	0.4141	0.136608
2133	11.6301	11.199	0.0212	0.4059	0.136448
2134	11.6965	11.1749	0.0213	0.3651	0.138528
2135	11.6802	11.155	0.0211	0.4475	0.136768
2136	11.5937	11.1904	0.0212	0.3841	0.136864
2137	11.5311	11.2131	0.0205	0.346	0.139232
2138	11.6242	11.3396	0.0226	0.3993	0.136576
2139	11.6286	11.3833	0.0212	0.3842	0.136576
2140	11.8764	11.3339	0.0218	0.4897	0.136384
2141	11.8216	11.3758	0.0212	0.4015	0.136352
2142	11.7827	11.4521	0.0211	0.4129	0.136352
2143	11.7884	11.4354	0.0217	0.3795	0.136768
2144	11.8716	11.4822	0.0212	0.3874	0.139104
2145	11.8692	11.4624	0.0232	0.398	0.136608
2146	11.9058	11.3334	0.0206	0.3899	0.136448
2147	12.0162	11.4253	0.021	0.5071	0.13952
2148	11.8058	11.3822	0.0214	0.4328	0.136544
2149	11.9054	11.2913	0.021	0.437	0.137024
2150	11.8614	11.4091	0.0214	0.4387	0.136768
2151	11.6697	11.3173	0.0205	0.3476	0.136832
2152	11.8431	11.2659	0.0212	0.3985	0.136576
2153	11.7535	11.3099	0.0209	0.4024	0.136768
2154	11.6503	11.2818	0.0205	0.3535	0.138784
2155	11.7111	11.3816	0.023	0.3697	0.136832
2156	11.7027	11.4678	0.0213	0.387	0.136768
2157	12.0196	11.3592	0.0221	0.5776	0.13728
2158	11.9946	11.4968	0.0213	0.4807	0.136704
2159	11.7883	11.374	0.0212	0.385	0.137024
2160	11.9301	11.3239	0.0212	0.3989	0.1368
2161	11.7554	11.2693	0.0205	0.35	0.139424
2162	11.7468	11.2481	0.0213	0.3897	0.137216
2163	11.6618	11.1648	0.0214	0.3616	0.136544
2164	11.6443	11.1659	0.0223	0.3643	0.138592
2165	11.5934	11.1524	0.0214	0.3931	0.137056
2166	11.6542	11.1267	0.0211	0.445	0.13712
2167	11.6229	11.3088	0.0212	0.4285	0.137408
2168	11.5148	11.1137	0.0221	0.3569	0.139968
2169	11.7623	11.1868	0.0205	0.4156	0.13696
2170	11.5681	11.0945	0.022	0.4154	0.1368
2171	11.5475	11.0551	0.0212	0.3308	0.138144
2172	11.5039	10.9884	0.0205	0.3758	0.137312
2173	11.4654	11.2203	0.0214	0.3766	0.137024
2174	11.3941	11.1784	0.0217	0.3751	0.139488
2175	11.7917	11.1363	0.021	0.5249	0.136768
2176	11.6269	11.2253	0.0219	0.4096	0.136992
2177	11.6144	11.0939	0.0213	0.4449	0.13664
2178	11.5947	11.1384	0.0214	0.3383	0.138944
2179	11.5029	11.1203	0.0216	0.3765	0.137184
2180	11.5899	11.0445	0.0207	0.4138	0.136992
2181	11.4903	11.108	0.0205	0.3395	0.13936
2182	11.4517	11.1117	0.0213	0.3746	0.1376
2183	11.5191	11.029	0.0213	0.3774	0.137504
2184	11.5577	11.0483	0.0211	0.4082	0.13712
2185	11.4944	10.9495	0.0214	0.4248	0.137216
2186	11.4546	10.9902	0.0214	0.373	0.13728
2187	11.3274	11.1449	0.0214	0.3472	0.139456
2188	11.4401	11.0702	0.0212	0.4125	0.13744
2189	11.6043	11.082	0.0205	0.424	0.137184
2190	11.4522	11.1148	0.0218	0.3524	0.14144
2191	11.4757	11.2983	0.0213	0.3625	0.137376
2192	11.6928	11.1815	0.0244	0.5378	0.137472
2193	11.8009	11.1404	0.0211	0.4556	0.137312
2194	11.5569	11.1414	0.0213	0.3413	0.139424
2195	11.5684	11.0916	0.0218	0.3931	0.137184
2196	11.5934	11.1324	0.0211	0.4176	0.136832
2197	11.4759	11.2194	0.0207	0.3533	0.140416
2198	11.5382	11.057	0.0211	0.374	0.136832
2199	11.6548	11.0426	0.0214	0.3972	0.137344
2200	11.4401	11.1225	0.0212	0.352	0.139232
2201	11.46	11.1207	0.0253	0.3848	0.13744
2202	11.6139	10.9688	0.0209	0.4462	0.138144
2203	11.5739	11.0578	0.021	0.41	0.137344
2204	11.338	11.1582	0.0213	0.339	0.139392
2205	11.5042	11.0126	0.0262	0.4107	0.137472
2206	11.5923	11.0345	0.0212	0.3979	0.1368
2207	11.3842	11.0789	0.0214	0.3364	0.139744
2208	11.4266	11.1625	0.0215	0.3611	0.137472
2209	11.5251	11.3384	0.0211	0.4105	0.137344
2210	11.8877	11.0921	0.0209	0.6737	0.136896
2211	11.8516	11.1535	0.0218	0.4654	0.137216
2212	11.5108	11.1149	0.0221	0.3821	0.137728
2213	11.5441	11.059	0.0205	0.3592	0.139744
2214	11.5598	11.0629	0.0217	0.4076	0.13744
2215	11.4729	11.0431	0.0212	0.3814	0.137088
2216	11.4662	11.1689	0.0205	0.3718	0.136896
2217	11.4224	11.1841	0.0222	0.3493	0.13824
2218	11.5747	11.1171	0.0206	0.3734	0.137408
2219	11.5857	11.1521	0.021	0.3682	0.137088
2220	11.5936	11.0997	0.022	0.4363	0.137248
2221	11.5929	11.0371	0.0212	0.4031	0.137024
2222	11.5387	11.1117	0.0213	0.403	0.137024
2223	11.4096	11.1982	0.0211	0.3423	0.139168
2224	11.5339	11.0741	0.0206	0.3891	0.137472
2225	11.6362	11.1405	0.0218	0.4005	0.137056
2226	11.454	11.3014	0.0213	0.3502	0.139008
2227	11.534	11.2365	0.0216	0.3615	0.137152
2228	11.8535	11.1993	0.0211	0.5047	0.137792
2229	11.6822	11.1768	0.0251	0.4068	0.13712
2230	11.5737	11.1626	0.0221	0.3439	0.139904
2231	11.5924	11.1635	0.0212	0.3786	0.137792
2232	11.6026	11.1898	0.021	0.4031	0.137152
2233	11.5479	11.1303	0.021	0.3523	0.139744
2234	11.5982	11.1923	0.0212	0.3759	0.136832
2235	11.5653	11.189	0.0221	0.3984	0.136832
2236	11.5602	11.1575	0.0205	0.3367	0.139552
2237	11.656	11.1297	0.0209	0.4263	0.137216
2238	11.5949	11.1315	0.0209	0.4016	0.13728
2239	11.5125	11.0784	0.0205	0.3519	0.137504
2240	11.4949	10.9919	0.0211	0.3347	0.140032
2241	11.4579	11.0313	0.0212	0.3505	0.137024
2242	11.3637	11.1392	0.0209	0.3424	0.137568
2243	11.4052	11.0924	0.0213	0.3434	0.138144
2244	11.5269	11.2593	0.0213	0.3564	0.136864
2245	11.465	11.1299	0.022	0.3434	0.13712
2246	11.8075	11.0745	0.0218	0.4834	0.136896
2247	11.511	11.1483	0.0219	0.348	0.136512
2248	11.453	11.1099	0.021	0.348	0.136768
2249	11.512	11.0871	0.021	0.3344	0.138048
2250	11.5064	11.0174	0.0212	0.366	0.136448
2251	11.4554	10.9476	0.0217	0.3396	0.137152
2252	11.4603	10.9093	0.0204	0.4142	0.136224
2253	11.3175	10.9386	0.0228	0.3411	0.136864
2254	11.2689	10.997	0.0211	0.331	0.137344
2255	11.4474	11.0048	0.0205	0.457	0.13744
2256	11.3735	11.0263	0.0216	0.3446	0.139552
2257	11.4347	10.8873	0.0212	0.3965	0.137536
2258	11.4487	10.9657	0.0209	0.3884	0.136864
2259	11.267	10.8907	0.0212	0.3488	0.138624
2260	11.3494	10.9776	0.0213	0.3527	0.137184
2261	11.3061	10.974	0.0211	0.3825	0.136832
2262	11.3501	11.1064	0.0214	0.342	0.13904
2263	11.4071	11.0781	0.021	0.4023	0.136544
2264	11.6208	11.0443	0.0225	0.466	0.13728
2265	11.4534	11.0377	0.0217	0.3437	0.140384
2266	11.4691	11.0514	0.0211	0.3896	0.13728
2267	11.4456	11.1051	0.0221	0.3751	0.136832
2268	11.4478	11.0668	0.0211	0.3663	0.139104
2269	11.5494	11.0624	0.0209	0.4092	0.13728
2270	11.527	11.0563	0.0219	0.4233	0.136736
2271	11.4595	11.1143	0.0209	0.3652	0.137088
2272	11.4378	11.0447	0.0217	0.349	0.138688
2273	11.5822	10.9938	0.0209	0.4279	0.137408
2274	11.4997	11.1112	0.0211	0.417	0.137056
2275	11.3529	11.0461	0.0212	0.3298	0.139968
2276	11.4908	11.2044	0.0211	0.3501	0.136672
2277	11.4422	11.2433	0.0209	0.365	0.136864
2278	11.5714	11.1843	0.0209	0.3377	0.13952
2279	11.6883	11.2055	0.0215	0.4073	0.137344
2280	11.6044	11.4883	0.0215	0.3859	0.137152
2281	11.7847	11.4144	0.0215	0.5385	0.139776
2282	12.0356	11.5019	0.0212	0.4989	0.136992
2283	11.8685	11.5018	0.0217	0.4148	0.136928
2284	11.9349	11.4888	0.0217	0.399	0.137344
2285	11.9008	11.3893	0.0212	0.3666	0.140288
2286	11.906	11.4575	0.0227	0.385	0.13648
2287	11.8023	11.4268	0.0221	0.3804	0.137024
2288	11.8569	11.332	0.0212	0.3665	0.138784
2289	11.8256	11.3984	0.0212	0.3664	0.13728
2290	11.7346	11.5519	0.0212	0.3705	0.13696
2291	11.866	11.5487	0.0212	0.4276	0.137248
2292	11.9391	11.4717	0.0211	0.3552	0.13872
2293	11.9742	11.4703	0.0212	0.3917	0.136768
2294	11.8889	11.4208	0.0213	0.3834	0.136576
2295	11.8523	11.4791	0.0212	0.3511	0.138464
2296	11.8366	11.4279	0.0216	0.3829	0.137088
2297	11.9072	11.7141	0.0221	0.3761	0.136544
2298	11.844	11.7378	0.0227	0.3825	0.13712
2299	12.2921	11.6898	0.0216	0.5298	0.136736
2300	12.2031	11.7317	0.0212	0.4247	0.136576
2301	12.1224	11.674	0.0215	0.397	0.136864
2302	12.1507	11.61	0.0219	0.3855	0.13712
2303	12.054	11.5719	0.0211	0.3492	0.139104
2304	12.0264	11.4401	0.0205	0.383	0.136672
2305	11.9737	11.4367	0.0212	0.3698	0.136864
2306	11.8837	11.5162	0.021	0.4148	0.139904
2307	11.8564	11.5026	0.0214	0.3837	0.137312
2308	11.9998	11.3879	0.0205	0.4401	0.137312
2309	11.9875	11.4568	0.0212	0.443	0.137024
2310	11.7754	11.525	0.0205	0.3572	0.1368
2311	11.8901	11.5316	0.0211	0.398	0.136704
2312	11.9443	11.482	0.0205	0.3851	0.137312
2313	11.9224	11.5162	0.0204	0.3585	0.13888
2314	11.8786	11.7106	0.0221	0.3656	0.13696
2315	11.9241	11.7274	0.0206	0.3757	0.13728
2316	12.2394	11.7486	0.0211	0.4796	0.136832
2317	12.1107	11.581	0.0219	0.3518	0.139232
2318	12.1631	11.6376	0.021	0.3814	0.136928
2319	12.0068	11.659	0.0211	0.3909	0.137312
2320	12.0333	11.5486	0.0209	0.3651	0.140512
2321	12.0797	11.6182	0.0218	0.3866	0.137024
2322	11.9882	11.4824	0.0228	0.4057	0.137024
2323	12.0579	11.6356	0.0227	0.4048	0.136896
2324	11.8643	11.6092	0.0212	0.3478	0.137952
2325	12.1217	11.5472	0.022	0.443	0.136608
2326	12.0779	11.4618	0.0208	0.428	0.136992
2327	11.9793	11.6029	0.0213	0.395	0.13616
2328	11.8419	11.5996	0.0213	0.3494	0.140064
2329	12.0339	11.4098	0.0215	0.3952	0.13728
2330	12.0274	11.5246	0.021	0.3931	0.137184
2331	11.7878	11.6164	0.0215	0.3385	0.139296
2332	11.9319	11.6754	0.0221	0.3744	0.13744
2333	12.2062	11.6321	0.0217	0.5393	0.137472
2334	12.1838	11.6511	0.0209	0.4601	0.137344
2335	12.011	11.7198	0.021	0.3464	0.139776
2336	12.0643	11.7659	0.0213	0.381	0.137056
2337	12.1372	11.5401	0.0216	0.3828	0.137152
2338	12.2078	11.5803	0.021	0.4094	0.139776
2339	11.907	11.6871	0.0213	0.3351	0.137536
2340	12.0072	11.8076	0.0221	0.3921	0.137312
2341	12.1339	11.7066	0.0214	0.4078	0.137088
2342	12.3101	11.6992	0.0209	0.4578	0.137248
2343	12.1636	11.8066	0.0211	0.4181	0.137056
2344	12.117	11.825	0.0226	0.3836	0.137088
2345	12.239	11.791	0.0216	0.3975	0.137056
2346	12.2236	11.6704	0.0213	0.3656	0.140224
2347	12.2245	11.6273	0.0205	0.3978	0.137024
2348	12.0696	12.0637	0.0221	0.3656	0.137248
2349	12.1312	12.1034	0.0617	0.4708	0.136672
2350	12.6712	11.8817	0.023	0.5589	0.137568
2351	12.7008	11.826	0.021	0.5074	0.137056
2352	12.2748	11.9997	0.0747	0.3583	0.136896
2353	12.317	12.0153	0.0209	0.4616	0.136576
2354	12.6156	12.066	0.0212	0.5176	0.139424
2355	12.4393	11.8923	0.0211	0.3898	0.13728
2356	12.48	11.9387	0.0205	0.3804	0.137152
2357	12.3471	12.1515	0.0211	0.4232	0.136768
2358	12.3047	12.0532	0.021	0.3357	0.138144
2359	12.6458	12.0524	0.0207	0.4518	0.137152
2360	12.505	11.9786	0.022	0.4117	0.137248
2361	12.4737	11.9855	0.0211	0.3885	0.138432
2362	12.4798	12.0362	0.021	0.4697	0.139616
2363	12.4251	11.9911	0.021	0.4034	0.13712
2364	12.4545	12.165	0.0222	0.385	0.137632
2365	12.5357	12.4576	0.0219	0.5137	0.13712
2366	12.7933	12.2291	0.0212	0.581	0.139136
2367	12.9864	12.2807	0.0211	0.4793	0.137184
2368	12.6791	12.1803	0.0211	0.4109	0.137216
2369	12.7	12.2204	0.0216	0.3854	0.137088
2370	12.5617	12.1674	0.0213	0.351	0.140736
2371	12.6371	12.1654	0.0213	0.3828	0.13744
2372	12.6051	12.1376	0.0219	0.4041	0.137408
2373	12.5713	12.1348	0.022	0.3732	0.137248
2374	12.5269	12.1687	0.0214	0.3575	0.139264
2375	12.6036	12.1556	0.0212	0.4303	0.137216
2376	12.6458	12.2225	0.0219	0.4361	0.137408
2377	12.603	12.1633	0.023	0.4095	0.137312
2378	12.5973	12.0368	0.0206	0.344	0.139136
2379	12.6075	12.0651	0.0215	0.4047	0.137408
2380	12.4553	11.803	0.0209	0.3842	0.137152
2381	12.5462	12.18	0.0217	0.4458	0.137216
2382	12.1695	12.1934	0.0207	0.3369	0.139936
2383	12.7042	12.112	0.0218	0.4787	0.136896
2384	12.627	12.0546	0.021	0.3955	0.137376
2385	12.5798	12.0569	0.0205	0.428	0.137984
2386	12.4282	11.9295	0.021	0.3428	0.140064
2387	12.4475	12.4346	0.055	0.3602	0.137728
2388	12.3402	11.8643	0.021	0.3774	0.137632
2389	13.0588	12.1545	0.0211	0.5436	0.137408
2390	12.3055	12.2949	0.0219	0.4084	0.13968
2391	12.5851	12.1834	0.021	0.3952	0.137632
2392	12.7216	11.9372	0.0217	0.3898	0.137824
2393	12.5699	12.1084	0.0218	0.3544	0.137728
2394	12.3882	12.05	0.0212	0.4184	0.14016
2395	12.5015	12.0709	0.0209	0.3612	0.137152
2396	12.4376	11.7223	0.0209	0.356	0.137824
2397	12.439	12.4516	0.0222	0.3378	0.137664
2398	12.087	11.9884	0.0213	0.3352	0.140064
2399	13.1442	11.6718	0.0209	0.6428	0.137824
2400	12.4811	11.6354	0.0209	0.4419	0.137856
2401	12.0768	11.6397	0.0207	0.3705	0.137344
2402	11.9972	11.6006	0.021	0.3325	0.14064
2403	12.0147	11.5216	0.0214	0.3447	0.138208
2404	11.9698	11.5566	0.0209	0.3402	0.137664
2405	11.8903	11.6734	0.022	0.3391	0.137984
2406	11.9147	11.6462	0.0207	0.3297	0.138944
2407	12.1663	11.6	0.0218	0.4497	0.13792
2408	12.0226	11.7891	0.0212	0.3446	0.137568
2409	12.5123	11.788	0.0212	0.8712	0.137504
2410	12.3204	11.8059	0.0212	0.4824	0.137664
2411	12.2111	11.7501	0.0218	0.3866	0.137184
2412	12.2019	11.835	0.0214	0.3627	0.137856
2413	12.1228	11.7969	0.021	0.3413	0.139744
2414	12.2075	11.8229	0.0222	0.3425	0.137632
2415	12.1928	11.7462	0.021	0.3668	0.137824
2416	12.3569	11.7435	0.021	0.4819	0.138208
2417	12.1763	11.6867	0.0212	0.393	0.139776
2418	12.1985	11.7079	0.0211	0.4157	0.13776
2419	12.1336	11.687	0.0211	0.4093	0.137888
2420	12.0919	11.7194	0.0217	0.352	0.137504
2421	12.0578	11.7304	0.0208	0.3409	0.14016
2422	12.1123	11.7409	0.0219	0.3605	0.138176
2423	12.1004	11.6972	0.0216	0.3402	0.137056
2424	12.1129	11.7075	0.0217	0.3418	0.140288
2425	12.0654	11.766	0.0211	0.3385	0.137632
2426	12.2988	11.7381	0.0211	0.5454	0.137248
2427	12.1635	11.7179	0.0207	0.363	0.137632
2428	12.1002	11.7872	0.0211	0.3326	0.14016
2429	12.0887	11.725	0.0212	0.3414	0.136928
2430	12.1756	11.7201	0.0218	0.3567	0.137728
2431	12.102	11.7806	0.0209	0.3472	0.137504
2432	12.0854	11.8221	0.022	0.3351	0.138848
2433	12.3153	11.7304	0.0211	0.4885	0.136992
2434	12.2854	11.7067	0.0216	0.4216	0.137024
2435	12.2348	11.6997	0.0214	0.4591	0.137728
2436	12.1173	11.6572	0.0211	0.3753	0.1368
2437	12.0784	11.6827	0.0211	0.3474	0.136768
2438	12.0393	11.7835	0.0213	0.352	0.136896
2439	12.0531	11.7329	0.0211	0.3402	0.138272
2440	12.1547	11.7121	0.021	0.3411	0.13712
2441	12.0965	11.6313	0.0213	0.3343	0.136512
2442	12.0944	11.6517	0.0218	0.3518	0.137088
2443	11.9995	11.7396	0.0207	0.3382	0.139712
2444	12.073	11.609	0.0209	0.3873	0.136896
2445	12.1066	11.6184	0.0203	0.337	0.137152
2446	11.9768	11.6698	0.0207	0.3381	0.138816
2447	11.9727	11.7432	0.0216	0.3261	0.136832
2448	12.0374	11.9027	0.0215	0.3386	0.136512
2449	12.1625	11.8632	0.0208	0.3883	0.136864
2450	12.4392	11.884	0.0211	0.4895	0.136288
2451	12.2513	11.9688	0.022	0.355	0.137152
2452	12.2866	12.0202	0.021	0.3701	0.136864
2453	12.3435	11.8839	0.0207	0.3431	0.136384
2454	12.3984	11.9148	0.0218	0.3477	0.138912
2455	12.2499	11.8801	0.021	0.3368	0.136512
2456	12.2932	11.8187	0.0211	0.3471	0.136448
2457	12.2536	11.8242	0.0217	0.3433	0.136992
2458	12.3267	11.8897	0.0212	0.4659	0.136864
2459	12.2292	11.9593	0.0208	0.3704	0.136608
2460	12.2696	12.15	0.0766	0.349	0.13648
2461	12.4848	12.0223	0.0214	0.4952	0.136448
2462	12.6616	12.0774	0.0213	0.4106	0.1392
2463	12.4487	12.0293	0.0212	0.3901	0.136672
2464	12.487	12.0953	0.0217	0.3748	0.136448
2465	12.4596	11.9437	0.025	0.3958	0.136608
2466	12.732	12.1041	0.0216	0.5868	0.13728
2467	12.5109	11.9255	0.021	0.5127	0.136672
2468	12.4996	12.0923	0.0212	0.361	0.136544
2469	12.3022	12.0192	0.0213	0.3465	0.137184
2470	12.6261	11.9729	0.0228	0.4911	0.139424
2471	12.4172	11.9473	0.0228	0.3641	0.135936
2472	12.3558	11.9272	0.0218	0.3503	0.137216
2473	12.3649	12.0742	0.0221	0.3843	0.136736
2474	12.2937	12.0319	0.0221	0.3364	0.138752
2475	12.5507	11.9206	0.0218	0.4354	0.137056
2476	12.4783	11.8826	0.0211	0.4074	0.136896
2477	12.3395	11.9327	0.0209	0.3842	0.1392
2478	12.2593	11.8808	0.021	0.3461	0.137504
2479	12.3173	11.9305	0.021	0.354	0.137056
2480	12.2477	11.9187	0.0219	0.3372	0.136832
2481	12.297	11.9718	0.0212	0.3367	0.138944
2482	12.2812	11.9298	0.0212	0.3327	0.137792
2483	12.4991	11.9336	0.0208	0.4798	0.136768
2484	12.3495	11.9511	0.021	0.384	0.13728
2485	12.3081	11.9192	0.0211	0.3448	0.140096
2486	12.3359	11.9875	0.0211	0.3537	0.136832
2487	12.2835	11.9836	0.021	0.3352	0.137568
2488	12.3845	11.9551	0.0215	0.3633	0.136736
2489	12.3573	11.9553	0.0211	0.3429	0.140256
2490	12.3243	12.717	0.0213	0.3389	0.13776
2491	12.3198	11.9633	0.0211	0.3354	0.137408
2492	13.283	12.4129	0.0211	0.5219	0.137824
2493	12.4138	12.5143	0.0216	0.4182	0.140416
2494	12.7951	12.499	0.022	0.3508	0.137632
2495	12.8928	12.3912	0.0215	0.3472	0.137792
2496	12.878	12.2365	0.0689	0.348	0.13808
2497	13.1145	12.2955	0.0213	0.6801	0.138816
2498	12.8284	12.2247	0.0212	0.499	0.140704
2499	12.8538	12.2516	0.0214	0.512	0.137856
2500	12.7054	12.1719	0.0209	0.4107	0.137888
2501	12.7212	12.1974	0.0213	0.4314	0.137664
2502	12.5433	12.2013	0.0213	0.3416	0.141248
2503	12.6121	12.2135	0.0214	0.3823	0.138208
2504	12.6131	12.2346	0.0212	0.3789	0.138176
2505	12.6392	12.1229	0.021	0.3911	0.13776
2506	12.6129	12.3515	0.0259	0.348	0.140704
2507	12.5109	12.2453	0.0213	0.3571	0.138208
2508	12.8583	12.2279	0.0208	0.4575	0.138656
2509	12.6962	12.0865	0.0219	0.4139	0.138784
2510	12.6127	12.1283	0.021	0.3534	0.141632
2511	12.5299	12.1992	0.021	0.4084	0.13888
2512	12.5397	12.1417	0.0222	0.3799	0.139104
2513	12.635	12.2719	0.022	0.4014	0.138592
2514	12.5143	12.4413	0.0214	0.3414	0.14208
2515	12.9218	12.3441	0.0209	0.6009	0.138752
2516	12.9543	12.2742	0.022	0.4649	0.139072
2517	12.7698	12.2519	0.022	0.3907	0.139168
2518	12.7556	12.1934	0.0241	0.446	0.139648
2519	12.6433	12.2729	0.0213	0.3576	0.141984
2520	12.6157	12.1389	0.0212	0.3858	0.139136
2521	12.692	12.2138	0.0212	0.3856	0.139296
2522	12.5512	12.2801	0.0218	0.3795	0.139296
2523	12.5883	12.4621	0.0219	0.345	0.1416
2524	12.7492	12.3169	0.0212	0.4287	0.138912
2525	12.9374	12.2537	0.0214	0.4335	0.139456
2526	12.7031	12.3901	0.0205	0.355	0.139424
2527	12.6249	12.3789	0.0205	0.3421	0.140928
2528	12.8081	12.4241	0.0212	0.3848	0.138976
2529	12.802	12.3004	0.0213	0.3881	0.139552
2530	12.8655	12.6122	0.0222	0.4061	0.139616
2531	12.9045	12.4961	0.0218	0.562	0.141952
2532	13.1577	12.5092	0.021	0.4963	0.139552
2533	13.0189	12.4806	0.0218	0.4783	0.139008
2534	12.9609	12.4113	0.0206	0.4127	0.139264
2535	12.9455	12.4261	0.0211	0.4236	0.140064
2536	12.7869	12.4718	0.0205	0.3449	0.141632
2537	12.8403	12.5382	0.0214	0.3809	0.140192
2538	12.8734	12.835	0.0221	0.3691	0.139712
2539	12.9606	12.4399	0.0209	0.3879	0.1392
2540	13.3776	12.4696	0.0213	0.5008	0.139968
2541	12.8906	12.3413	0.0205	0.4106	0.140032
2542	12.9262	12.2825	0.0212	0.419	0.139456
2543	12.7544	12.1839	0.021	0.3798	0.139584
2544	12.7236	12.3018	0.0209	0.4045	0.139808
2545	12.5655	12.4581	0.0214	0.3509	0.14288
2546	12.7142	12.4298	0.0216	0.3802	0.139936
2547	13.07	12.3815	0.0213	0.5628	0.139584
2548	12.9836	12.3491	0.0213	0.5058	0.139744
2549	12.7533	12.3742	0.0214	0.3407	0.14128
2550	12.7839	12.1831	0.0217	0.3986	0.139904
2551	12.809	12.2112	0.0213	0.3981	0.13952
2552	12.6221	12.1189	0.0212	0.4021	0.140096
2553	12.5938	12.1013	0.0214	0.3516	0.141792
2554	12.5405	12.279	0.022	0.3896	0.139904
2555	12.5142	12.1656	0.0813	0.3787	0.14016
2556	12.7832	11.7456	0.0221	0.4569	0.140096
2557	12.7781	11.7234	0.0211	0.5036	0.142016
2558	12.135	11.7072	0.0214	0.3542	0.139616
2559	12.0932	11.7789	0.0223	0.3393	0.140224
2560	12.0841	11.674	0.0215	0.3458	0.139808
2561	12.1757	11.7095	0.0204	0.3632	0.142656
2562	12.0718	11.8412	0.0212	0.3649	0.13984
2563	12.0654	11.8339	0.0209	0.3274	0.139584
2564	12.3937	11.7807	0.0208	0.5065	0.139584
2565	12.2099	11.7517	0.0214	0.3448	0.142528
2566	12.1519	11.8819	0.0736	0.3416	0.139808
2567	12.2648	11.9549	0.0213	0.4836	0.139168
2568	12.4241	11.9109	0.0207	0.4443	0.138944
2569	12.3574	11.9155	0.0213	0.3687	0.142144
2570	12.3338	11.6216	0.0209	0.3889	0.139712
2571	12.3602	11.7988	0.0211	0.4079	0.13984
2572	12.0811	11.9697	0.0345	0.4295	0.139488
2573	12.2218	11.7673	0.0219	0.3875	0.139424
2574	12.5226	11.7431	0.0212	0.4913	0.1408
2575	12.2092	11.7391	0.0211	0.4037	0.13904
2576	12.2315	11.8483	0.0211	0.4481	0.140768
2577	12.1114	11.8273	0.0213	0.3414	0.139712
2578	12.2502	11.7914	0.0221	0.3695	0.139456
2579	12.2213	12.0178	0.0214	0.3615	0.139264
2580	12.482	11.9561	0.0214	0.6393	0.141568
2581	12.5608	12.0094	0.022	0.4955	0.13984
2582	12.4385	12.103	0.0212	0.4429	0.139072
2583	12.4568	12.1638	0.0216	0.4122	0.139168
2584	12.4842	12.069	0.022	0.351	0.142016
2585	12.587	12.1377	0.0215	0.3893	0.13872
2586	12.4837	12.093	0.0218	0.3815	0.138976
2587	12.6145	12.1164	0.0221	0.4406	0.139008
2588	12.5338	12.1696	0.0216	0.4096	0.140224
2589	12.668	12.0994	0.0217	0.5097	0.13904
2590	12.7073	12.1763	0.0209	0.4948	0.138336
2591	12.5218	12.1837	0.021	0.3871	0.138208
2592	12.5528	12.205	0.0216	0.3462	0.142368
2593	12.6439	12.2143	0.0213	0.422	0.138816
2594	12.6243	12.2239	0.0216	0.3845	0.138688
2595	12.6343	12.3655	0.0214	0.386	0.139168
2596	12.6021	12.3259	0.0213	0.3485	0.141216
2597	12.9156	12.2968	0.0212	0.5031	0.138752
2598	12.7703	12.2608	0.0215	0.4061	0.138368
2599	12.7195	12.2814	0.0389	0.3887	0.138464
2600	12.6809	12.3211	0.021	0.3865	0.1384
2601	12.6762	12.3946	0.021	0.347	0.139616
2602	12.7224	12.3853	0.0229	0.3699	0.137824
2603	12.8309	12.3429	0.0216	0.4003	0.13792
2604	12.8149	12.4478	0.0213	0.3932	0.13808
2605	12.8012	12.4157	0.0211	0.4193	0.138144
2606	12.9489	13.0973	0.0219	0.4626	0.137888
2607	12.8503	12.4438	0.0216	0.399	0.138112
2608	13.6798	12.4361	0.0217	0.5371	0.138016
2609	12.9648	12.2517	0.0218	0.4784	0.13776
2610	12.8695	12.3193	0.021	0.4008	0.140224
2611	12.7706	12.5835	0.0212	0.4779	0.137856
2612	12.7197	12.6162	0.022	0.3673	0.13744
2613	13.0907	12.5544	0.0222	0.4595	0.138272
2614	13.006	12.6921	0.0221	0.3579	0.138912
2615	12.9873	12.4038	0.0212	0.3956	0.137568
2616	13.136	12.4053	0.0217	0.4056	0.137792
2617	12.8246	12.3946	0.0212	0.3868	0.137696
2618	12.8241	12.2481	0.0219	0.3853	0.137792
2619	12.7695	12.3619	0.0215	0.3447	0.1392
2620	12.6575	12.2407	0.0213	0.3759	0.13712
2621	12.8606	12.0954	0.0212	0.4527	0.137344
2622	12.7181	12.1205	0.021	0.4359	0.137472
2623	12.455	12.1472	0.0209	0.3292	0.139872
2624	12.5838	12.1636	0.0217	0.4269	0.137056
2625	12.5851	12.0417	0.0211	0.4009	0.13712
2626	12.6051	11.8791	0.0205	0.4037	0.13696
2627	12.4169	11.9804	0.0214	0.3444	0.138912
2628	12.288	12.0231	0.0213	0.379	0.137696
2629	12.508	11.9707	0.0213	0.4824	0.13696
2630	12.4648	11.9717	0.0219	0.4036	0.13696
2631	12.3431	11.8192	0.0215	0.3417	0.138368
2632	12.4135	11.8105	0.0214	0.4048	0.136896
2633	12.231	11.8794	0.0212	0.377	0.136896
2634	12.2733	11.8565	0.0216	0.4247	0.137472
2635	12.2612	11.7745	0.0212	0.3514	0.138944
2636	12.2736	11.7898	0.0219	0.3848	0.136608
2637	12.1766	11.7776	0.0214	0.3702	0.137568
2638	12.2403	11.7864	0.0207	0.4159	0.136928
2639	12.2299	11.6971	0.0213	0.4137	0.136864
2640	12.2245	11.5461	0.0219	0.4008	0.137248
2641	12.2638	11.7964	0.0213	0.531	0.13696
2642	11.9271	11.8413	0.029	0.3481	0.138272
2643	12.2141	11.6654	0.0215	0.3845	0.137184
2644	12.3697	11.7935	0.0221	0.4737	0.136736
2645	12.3535	11.7761	0.0212	0.6377	0.136736
2646	12.353	11.7637	0.0212	0.5107	0.137216
2647	12.1729	11.7804	0.0211	0.3608	0.13696
2648	12.1522	11.7145	0.0216	0.3563	0.136896
2649	12.1594	12.311	0.0219	0.3483	0.137152
2650	12.1073	12.3868	0.0212	0.363	0.138752
2651	12.7418	12.6038	0.0214	0.3972	0.136544
2652	12.8004	12.3804	0.0215	0.383	0.136512
2653	13.2262	12.6063	0.0214	0.5781	0.136768
2654	12.9891	12.2481	0.0212	0.5624	0.136736
2655	13.1979	12.3201	0.0221	0.543	0.13728
2656	12.6293	12.071	0.0212	0.3489	0.13696
2657	12.8911	12.228	0.0228	0.5257	0.136768
2658	12.6881	12.3116	0.0213	0.5846	0.138816
2659	12.6245	12.362	0.0209	0.3622	0.136704
2660	12.6853	12.8172	0.0219	0.3431	0.136544
2661	12.7381	12.0571	0.0212	0.3464	0.136672
2662	13.4083	12.3939	0.0213	0.5431	0.137184
2663	12.428	12.5307	0.0213	0.3391	0.138624
2664	12.7942	11.856	0.0218	0.3677	0.136384
2665	13.0009	11.9771	0.0211	0.4309	0.136608
2666	12.2438	11.9075	0.0219	0.3551	0.136576
2667	12.3447	11.9604	0.0212	0.3375	0.139968
2668	12.3223	12.0119	0.0235	0.3801	0.136768
2669	12.3632	11.8586	0.0211	0.368	0.136448
2670	12.5027	11.8743	0.0211	0.4464	0.136672
2671	12.236	11.9283	0.0218	0.3454	0.139744
2672	12.2884	11.9324	0.021	0.3804	0.136384
2673	12.3119	11.8762	0.021	0.3512	0.135936
2674	12.3138	11.6776	0.0211	0.3508	0.136544
2675	12.2783	11.7022	0.021	0.3688	0.138336
2676	12.066	11.7495	0.0213	0.3573	0.136384
2677	12.0849	11.7459	0.0222	0.3516	0.136544
2678	12.4624	11.6133	0.0211	0.6615	0.139264
2679	12.2871	11.5837	0.0211	0.491	0.13664
2680	12.0405	11.5199	0.0212	0.3908	0.136416
2681	12.0175	11.5733	0.0214	0.3982	0.13648
2682	11.9044	11.5776	0.0219	0.3545	0.139616
2683	11.9958	11.5509	0.0214	0.3877	0.136256
2684	11.9871	11.6403	0.0766	0.3762	0.136352
2685	11.9628	12.1412	0.0211	0.3789	0.136448
2686	12.3221	11.8811	0.022	0.5792	0.139328
2687	12.7123	11.6125	0.022	0.5238	0.136224
2688	12.4401	11.5251	0.021	0.5141	0.13664
2689	12.0636	12.0094	0.022	0.4184	0.139264
2690	11.8963	11.8813	0.0215	0.341	0.136096
2691	12.4116	11.4659	0.0213	0.3685	0.135968
2692	12.5629	11.711	0.022	0.6379	0.136672
2693	11.9729	12.1145	0.0214	0.4686	0.139968
2694	12.0969	11.9294	0.0222	0.353	0.13616
2695	13.0924	11.446	0.0212	0.9249	0.136128
2696	12.5226	11.6792	0.0211	0.5416	0.136384
2697	11.891	11.6072	0.024	0.4132	0.137056
2698	12.054	11.4427	0.0213	0.3445	0.136256
2699	12.0921	11.3678	0.0211	0.4361	0.136832
2700	11.8964	11.3038	0.0208	0.4147	0.136128
2701	11.7458	11.3787	0.0212	0.3469	0.13776
2702	11.7247	11.4417	0.0213	0.3898	0.136352
2703	11.7978	11.4119	0.0238	0.3858	0.136224
2704	11.8238	11.3826	0.0223	0.3517	0.139872
2705	12.1076	11.3436	0.0213	0.6557	0.136192
2706	11.8751	11.3762	0.0225	0.4488	0.136256
2707	11.7799	11.3486	0.0209	0.3998	0.136352
2708	11.7558	11.3077	0.0212	0.3469	0.137568
2709	11.7767	11.4222	0.0217	0.3951	0.13616
2710	11.72	11.3811	0.0218	0.3787	0.136
2711	11.8209	11.3217	0.0212	0.3669	0.13792
2712	12.0502	11.17	0.0212	0.6235	0.13584
2713	11.848	11.2509	0.0211	0.475	0.135904
2714	11.5522	11.2646	0.0743	0.3514	0.13632
2715	11.7471	11.0883	0.022	0.457	0.13712
2716	11.8325	11.0931	0.0211	0.467	0.136064
2717	11.5025	11.2	0.0217	0.379	0.136064
2718	11.4664	11.2102	0.0211	0.3434	0.138816
2719	11.6189	11.1671	0.0209	0.3848	0.136288
2720	11.6225	11.1526	0.0218	0.3801	0.136
2721	11.5321	11.178	0.0214	0.3362	0.137568
2722	11.6503	11.135	0.0219	0.4538	0.13616
2723	11.6577	11.0136	0.0213	0.4366	0.135776
2724	11.5663	11.0191	0.021	0.397	0.137952
2725	11.3919	11.0501	0.022	0.3476	0.135904
2726	11.4335	10.971	0.0211	0.3808	0.135776
2727	11.4727	11.0265	0.0217	0.3875	0.135552
2728	11.3473	10.9867	0.0216	0.3458	0.138592
2729	11.4331	11.0432	0.0214	0.3726	0.136512
2730	11.5482	10.946	0.022	0.5128	0.136448
2731	11.6012	10.9769	0.0211	0.5128	0.138272
2732	11.3773	10.9468	0.021	0.3941	0.135648
2733	11.4321	10.8767	0.0211	0.4178	0.135296
2734	11.3293	10.9438	0.0207	0.3523	0.138272
2735	11.2898	10.8163	0.0211	0.3806	0.135808
2736	11.3431	10.8736	0.0242	0.3677	0.1352
2737	11.1899	10.8758	0.0213	0.3441	0.138784
2738	11.324	10.8117	0.0205	0.412	0.135808
2739	11.33	10.6918	0.0225	0.4171	0.135872
2740	11.1782	10.7325	0.0211	0.3365	0.138272
2741	11.1447	10.5107	0.0206	0.413	0.13584
2742	11.1768	10.6468	0.0224	0.4083	0.135968
2743	10.8672	11.0273	0.0223	0.3275	0.139232
2744	11.0926	10.7058	0.0229	0.408	0.13616
2745	11.6466	10.5902	0.0209	0.5703	0.135616
2746	11.2586	11.1027	0.0215	0.5101	0.13632
2747	11.0043	11.0678	0.0217	0.3805	0.13568
2748	11.7874	10.6975	0.0209	0.6385	0.135584
2749	11.6353	10.6854	0.0212	0.5157	0.135744
2750	11.1014	10.7799	0.0217	0.3726	0.139808
2751	11.11	10.8239	0.0213	0.3904	0.136288
2752	11.2215	10.6362	0.0216	0.4049	0.135904
2753	11.1966	10.6927	0.0212	0.3416	0.1376
2754	11.0461	10.831	0.0216	0.3774	0.135968
2755	11.1196	10.7696	0.0213	0.3926	0.136128
2756	11.212	10.7252	0.0214	0.3501	0.138144
2757	11.2161	10.7115	0.0219	0.4101	0.135392
2758	11.2148	10.6432	0.0651	0.4449	0.136032
2759	11.0956	10.51	0.0211	0.3518	0.137824
2760	11.2091	10.4568	0.0253	0.4743	0.13536
2761	10.9156	10.4628	0.0218	0.3721	0.135936
2762	10.8609	10.48	0.021	0.3671	0.137984
2763	10.8339	10.3999	0.0204	0.3404	0.135584
2764	10.8448	10.3644	0.0209	0.3355	0.135968
2765	10.7545	10.4224	0.0212	0.3267	0.137536
2766	10.7217	10.4909	0.0216	0.3272	0.135424
2767	11.035	10.4963	0.0211	0.5658	0.13568
2768	10.9006	10.5073	0.0216	0.3714	0.136032
2769	10.8954	10.5404	0.0208	0.367	0.135296
2770	10.8834	10.4862	0.021	0.3456	0.138976
2771	10.9166	10.463	0.0218	0.3471	0.135776
2772	10.8568	10.5939	0.0211	0.341	0.13552
2773	10.825	10.4575	0.0211	0.3322	0.139072
2774	10.9657	10.4435	0.0215	0.3419	0.13584
2775	10.8345	10.39	0.0213	0.3468	0.135392
2776	10.8258	10.3513	0.0219	0.3529	0.137216
2777	10.8354	10.3017	0.0207	0.4072	0.136128
2778	10.8146	10.5206	0.0208	0.4227	0.135904
2779	10.6633	10.4947	0.021	0.3311	0.139136
2780	10.8915	10.474	0.0208	0.3411	0.136288
2781	10.888	10.4335	0.0207	0.3614	0.136064
2782	10.834	10.3778	0.021	0.3302	0.138304
2783	10.8078	10.2067	0.021	0.3449	0.13632
2784	10.7494	10.396	0.0213	0.3415	0.135776
2785	10.5737	10.3705	0.0218	0.3384	0.138656
2786	10.927	10.3562	0.0227	0.4844	0.136224
2787	10.7666	10.5471	0.0788	0.3613	0.139168
2788	10.7485	10.56	0.0211	0.3589	0.136384
2789	11.1288	10.4837	0.0214	0.476	0.135936
2790	10.9533	10.4226	0.0214	0.3617	0.13728
2791	10.8989	10.5308	0.0217	0.3822	0.136128
2792	10.8323	10.497	0.022	0.3776	0.136288
2793	10.9175	10.4226	0.021	0.3562	0.13584
2794	10.9093	10.553	0.0228	0.3794	0.136096
2795	10.8196	10.4951	0.0214	0.3654	0.136064
2796	11.1174	10.4268	0.0212	0.5175	0.135904
2797	10.9729	10.3573	0.0211	0.4362	0.136768
2798	10.843	10.4407	0.0212	0.3827	0.136224
2799	10.7293	10.4827	0.0219	0.3422	0.13792
2800	10.8715	10.392	0.0209	0.3966	0.136096
2801	10.8947	10.4574	0.0213	0.3787	0.136192
2802	10.7607	10.518	0.0214	0.3393	0.139328
2803	10.8839	10.5351	0.0213	0.3928	0.135968
2804	11.0791	10.4627	0.0213	0.5112	0.13648
2805	11.0677	10.4492	0.0228	0.4849	0.135904
2806	10.9387	10.4465	0.0212	0.4335	0.13632
2807	10.9449	10.3628	0.0212	0.4547	0.136256
2808	10.8232	10.4361	0.0212	0.3454	0.139712
2809	10.7584	10.3601	0.0209	0.3637	0.136096
2810	10.8721	10.4032	0.0218	0.4008	0.136416
2811	10.7326	10.3812	0.0213	0.3434	0.139488
2812	10.8657	10.3316	0.021	0.4237	0.136288
2813	10.8139	10.4084	0.0213	0.4007	0.138816
2814	10.7057	10.4087	0.0212	0.3441	0.13584
2815	10.8752	10.409	0.0213	0.4275	0.136384
2816	10.7855	10.3186	0.0212	0.3455	0.138368
2817	10.925	11.3853	0.0231	0.4837	0.136096
2818	10.8892	10.2101	0.0228	0.5231	0.136224
2819	12.1229	10.2517	0.0214	0.6882	0.139552
2820	10.6684	10.3353	0.022	0.4143	0.136128
2821	10.6655	10.5482	0.022	0.3793	0.136064
2822	10.7047	10.5017	0.0237	0.3386	0.138208
2823	11.1593	10.5214	0.0213	0.566	0.136896
2824	11.009	10.4753	0.0219	0.4569	0.136032
2825	10.9003	10.5455	0.022	0.3473	0.139072
2826	10.9091	10.5589	0.0211	0.3993	0.136096
2827	11.0252	10.5241	0.0226	0.4457	0.136128
2828	10.9337	10.4804	0.0221	0.3447	0.13808
2829	11.018	10.3347	0.0213	0.4524	0.136
2830	10.9462	10.3964	0.0204	0.4237	0.136032
2831	10.7094	10.4047	0.0221	0.3442	0.137792
2832	10.7907	10.3003	0.0204	0.3631	0.136128
2833	10.882	10.4323	0.0233	0.4345	0.13584
2834	10.6641	10.4556	0.0213	0.3335	0.139392
2835	10.8817	10.4428	0.0204	0.4078	0.136224
2836	10.8933	10.4627	0.0205	0.3997	0.136032
2837	10.8149	10.4009	0.0221	0.3426	0.13872
2838	10.868	10.3662	0.0216	0.3732	0.136512
2839	10.8441	10.4278	0.0211	0.4066	0.136576
2840	10.7337	10.5106	0.0223	0.3371	0.13856
2841	10.8407	10.578	0.0237	0.3796	0.135904
2842	11.1521	10.5296	0.0214	0.5904	0.136416
2843	11.1447	10.5066	0.0212	0.5025	0.136224
2844	10.9623	10.5086	0.0212	0.3969	0.136288
2845	10.9015	10.518	0.0215	0.3631	0.138944
2846	10.9049	10.5116	0.0206	0.3641	0.136256
2847	10.927	10.4587	0.0213	0.3762	0.13632
2848	10.8811	10.4878	0.0214	0.3393	0.13856
2849	11.0407	10.5417	0.0221	0.5366	0.136704
2850	11.0174	10.5247	0.0221	0.485	0.136064
2851	11.1183	10.5725	0.0213	0.531	0.139232
2852	11.0465	10.4621	0.0225	0.4749	0.136544
2853	11.0844	10.5944	0.0213	0.4684	0.13648
2854	11.0082	10.385	0.0216	0.4961	0.139712
2855	11.0669	10.3001	0.0211	0.4312	0.13632
2856	10.7922	10.3676	0.021	0.3727	0.13632
2857	10.662	10.3677	0.0214	0.3322	0.138112
2858	10.7438	10.3581	0.021	0.3468	0.136224
2859	10.7356	10.5102	0.022	0.3382	0.136128
2860	10.7162	10.5694	0.0222	0.3294	0.13968
2861	11.2533	10.4472	0.0212	0.6889	0.13696
2862	11.1427	10.5	0.0218	0.5188	0.13616
2863	10.8421	10.4733	0.0221	0.3619	0.136064
2864	10.9781	10.4425	0.0218	0.4339	0.136928
2865	10.9116	10.4807	0.0214	0.4011	0.136416
2866	10.8161	10.4294	0.0212	0.3425	0.139808
2867	10.9267	10.383	0.0211	0.4104	0.136064
2868	10.8461	10.4143	0.0212	0.3832	0.13632
2869	10.8496	10.5075	0.0213	0.4371	0.137824
2870	10.8477	10.5301	0.0227	0.3999	0.135968
2871	10.9945	10.4435	0.0213	0.443	0.1368
2872	10.9167	10.5611	0.0221	0.3533	0.13808
2873	10.8619	10.5041	0.0213	0.3861	0.136416
2874	11.2088	10.4294	0.0212	0.5945	0.136704
2875	10.8892	10.4604	0.0221	0.3527	0.136384
2876	10.8454	10.3918	0.0218	0.3829	0.136288
2877	10.88	10.4005	0.0235	0.3871	0.13744
2878	10.7872	10.4501	0.0218	0.3622	0.1368
2879	10.8242	10.4531	0.021	0.3864	0.136352
2880	11.0587	10.4497	0.0217	0.5624	0.136448
2881	11.0122	10.3875	0.0213	0.5118	0.136416
2882	10.8739	10.4156	0.0221	0.3889	0.136512
2883	10.7749	10.4403	0.0212	0.3568	0.138432
2884	10.8552	10.4214	0.0208	0.4028	0.136704
2885	10.911	10.3864	0.0212	0.4292	0.136928
2886	10.7909	10.4143	0.0212	0.3391	0.139008
2887	10.8092	10.3763	0.0211	0.3891	0.136512
2888	10.8539	10.3324	0.0221	0.4052	0.137248
2889	10.767	10.4088	0.0223	0.3602	0.138944
2890	10.7949	10.3143	0.0214	0.4213	0.13632
2891	10.9912	10.3318	0.0213	0.5338	0.136192
2892	10.7968	10.3256	0.0213	0.4433	0.139008
2893	10.7885	10.2957	0.0209	0.4188	0.136032
2894	10.7735	10.3355	0.0215	0.4107	0.136896
2895	10.6691	10.3293	0.0213	0.344	0.138816
2896	10.7431	10.2718	0.0221	0.3748	0.136128
2897	10.799	10.3905	0.0214	0.4373	0.135744
2898	10.6535	10.3547	0.0218	0.3498	0.137472
2899	10.9398	10.2473	0.0212	0.5025	0.136416
2900	10.7523	10.3546	0.0213	0.3636	0.1392
2901	10.6635	10.3528	0.0218	0.3828	0.136
2902	10.8465	10.3252	0.0208	0.448	0.136608
2903	10.7465	10.3247	0.0212	0.3584	0.139648
2904	10.8124	10.3906	0.0211	0.4545	0.135872
2905	10.7398	10.3326	0.0213	0.3807	0.136256
2906	10.7664	10.3608	0.0227	0.3453	0.138208
2907	10.7687	10.2119	0.0212	0.4032	0.135872
2908	10.7936	10.2849	0.0213	0.3987	0.136352
2909	10.5821	10.1732	0.0211	0.3402	0.139008
2910	10.6978	10.3217	0.0206	0.3801	0.135968
2911	10.5752	10.4224	0.0219	0.3706	0.13648
2912	10.6863	10.2634	0.0212	0.3355	0.13984
2913	10.8906	10.29	0.0208	0.4286	0.13616
2914	10.6309	10.3694	0.0206	0.3371	0.140128
2915	10.6908	10.5432	0.082	0.3689	0.136448
2916	10.7809	10.3116	0.0212	0.3789	0.136224
2917	11.1729	10.3525	0.0218	0.5223	0.137536
2918	10.8826	10.457	0.0226	0.5205	0.136416
2919	10.9408	10.3639	0.0217	0.5223	0.135872
2920	11.0814	10.3545	0.0213	0.5716	0.139776
2921	10.9585	10.3414	0.0214	0.5418	0.136736
2922	10.9152	10.3385	0.0228	0.509	0.136352
2923	10.9649	10.3592	0.0214	0.5756	0.140192
2924	10.9627	10.4017	0.0221	0.5674	0.136288
2925	10.9779	10.3382	0.0211	0.57	0.136032
2926	10.9506	10.3354	0.021	0.5029	0.139968
2927	10.7046	10.3252	0.0213	0.3353	0.13664
2928	10.6993	10.2943	0.021	0.335	0.136064
2929	10.6947	10.3315	0.0216	0.3402	0.139552
2930	10.651	10.3648	0.0208	0.3282	0.13616
2931	10.6932	10.3098	0.021	0.3316	0.13632
2932	10.7337	10.3405	0.0214	0.3396	0.138176
2933	10.6636	10.5268	0.0273	0.3252	0.136256
2934	10.8537	10.4928	0.022	0.4828	0.13552
2935	11.0577	10.5679	0.0214	0.4758	0.13584
2936	10.928	10.5374	0.0221	0.3975	0.136384
2937	11.1697	10.6349	0.0239	0.5524	0.136672
2938	10.9861	10.4949	0.0212	0.4095	0.136544
2939	11.3669	10.5599	0.0213	0.6813	0.136384
2940	10.9398	10.5418	0.0212	0.4112	0.137568
2941	10.9707	10.5611	0.0216	0.3766	0.139424
2942	10.9751	10.482	0.0212	0.3986	0.136352
2943	10.9423	10.5268	0.0211	0.3508	0.1392
2944	10.8729	10.5899	0.0212	0.3602	0.136288
2945	10.9557	10.5047	0.0213	0.3942	0.13648
2946	10.9725	10.4947	0.0213	0.3514	0.13792
2947	10.9301	10.5205	0.0212	0.3906	0.136576
2948	10.9141	10.4966	0.0217	0.3854	0.136128
2949	10.9848	10.5376	0.0217	0.4258	0.136544
2950	10.9179	10.6282	0.0212	0.3856	0.13632
2951	11.0082	10.6012	0.0759	0.4301	0.136256
2952	11.0272	10.3627	0.021	0.3669	0.138112
2953	11.1812	10.4317	0.0213	0.4787	0.136192
2954	10.7476	10.6401	0.0223	0.352	0.13648
2955	11.1052	10.5834	0.0209	0.6219	0.137984
2956	11.1842	10.5595	0.0231	0.4942	0.136704
2957	11.0229	10.5986	0.0212	0.4021	0.13632
2958	10.9383	10.505	0.0219	0.3462	0.139712
2959	11.0569	10.5944	0.0211	0.4203	0.136512
2960	10.9228	10.6419	0.0212	0.3841	0.136576
2961	10.977	10.5945	0.0213	0.3516	0.13824
2962	11.0615	10.553	0.0211	0.3871	0.13632
2963	10.9931	10.5823	0.0216	0.3666	0.136352
2964	10.9272	10.6262	0.0223	0.3445	0.138336
2965	11.0609	10.4539	0.0218	0.4376	0.13632
2966	11.087	10.5259	0.0209	0.422	0.136576
2967	10.8308	10.5826	0.0214	0.3458	0.137568
2968	10.9467	10.5328	0.0215	0.3883	0.13632
2969	11.0242	10.8113	0.0213	0.4041	0.136352
2970	10.9046	10.5153	0.0213	0.3413	0.139392
2971	11.3146	10.5501	0.0212	0.46	0.136608
2972	10.9853	10.8127	0.0215	0.4303	0.136224
2973	10.9255	10.5456	0.0213	0.3439	0.139296
2974	11.4357	10.508	0.022	0.5758	0.136576
2975	11.0131	10.5994	0.0211	0.4255	0.13632
2976	10.8845	10.5633	0.0217	0.3445	0.13872
2977	11.0124	10.4738	0.021	0.38	0.136064
2978	10.9899	10.5977	0.021	0.3915	0.136192
2979	10.8413	10.9139	0.0215	0.3377	0.13776
2980	11.0144	10.5033	0.0213	0.3839	0.136256
2981	11.4322	10.6035	0.0217	0.472	0.136352
2982	10.8902	10.6422	0.0213	0.3555	0.137568
2983	11.009	10.7322	0.022	0.3727	0.136416
2984	11.1353	10.5333	0.0224	0.4495	0.136512
2985	11.1218	10.6551	0.0221	0.3571	0.13952
2986	10.9624	10.6824	0.0213	0.3946	0.136448
2987	11.0875	10.634	0.0205	0.3967	0.136128
2988	11.055	10.5547	0.0212	0.3425	0.139424
2989	11.0272	10.6058	0.0217	0.3623	0.136224
2990	10.9839	10.6241	0.027	0.3958	0.13616
2991	10.9777	10.7926	0.0213	0.3414	0.137184
2992	11.0735	10.7344	0.0212	0.4085	0.13616
2993	11.3378	10.8264	0.0213	0.4975	0.136416
2994	11.1112	10.7923	0.0218	0.3453	0.138656
2995	11.2749	10.8438	0.0213	0.4121	0.136096
2996	11.2766	10.8037	0.0217	0.442	0.136192
2997	11.389	10.7302	0.0219	0.4996	0.138912
2998	11.2232	10.7432	0.0244	0.3854	0.136192
2999	11.149	10.8739	0.0214	0.3843	0.1368
3000	11.1224	10.8325	0.0211	0.3456	0.137888
3001	11.2856	10.7188	0.0207	0.3768	0.136128
3002	11.2761	10.9031	0.0206	0.4064	0.136384
3003	11.0794	10.9218	0.021	0.3301	0.138272
3004	11.3486	10.9463	0.0204	0.4076	0.136096
3005	11.3808	10.8567	0.0211	0.4186	0.136352
3006	11.3243	10.924	0.0213	0.3476	0.139648
3007	11.2699	10.8551	0.0205	0.3804	0.136064
3008	11.3451	10.8703	0.0207	0.3864	0.136352
3009	11.2198	11.2647	0.0222	0.3354	0.139232
3010	11.2805	11.0869	0.0211	0.379	0.136032
3011	11.804	11.099	0.0212	0.4935	0.137312
3012	11.4856	10.9892	0.0213	0.366	0.13744
3013	11.5231	11.0688	0.0264	0.3905	0.13616
3014	11.4016	11.088	0.0223	0.3792	0.13632
3015	11.5161	11.0479	0.0205	0.4056	0.13648
3016	11.4488	11.0218	0.0212	0.3292	0.1392
3017	11.4506	10.9118	0.0206	0.3718	0.13632
3018	11.5479	10.9655	0.0219	0.4941	0.135904
3019	11.2799	11.0453	0.0216	0.3377	0.138048
3020	11.4713	10.9954	0.0212	0.4627	0.136352
3021	11.5075	11.0867	0.0233	0.4216	0.137248
3022	11.3722	11.0479	0.0213	0.3458	0.139968
3023	11.4957	10.9193	0.0205	0.3743	0.136544
3024	11.5004	11.0024	0.0206	0.4152	0.135968
3025	11.2751	10.9261	0.0205	0.3268	0.137632
3026	11.4278	10.8989	0.0208	0.391	0.136896
3027	11.3358	11.1133	0.0217	0.3767	0.136128
3028	11.3083	11.0593	0.0211	0.3782	0.13776
3029	11.6526	11.0617	0.0232	0.4925	0.136512
3030	11.519	11.0526	0.0228	0.4209	0.135968
3031	11.4997	11.0411	0.0215	0.398	0.13648
3032	11.4242	11.0873	0.0217	0.3403	0.14016
3033	11.4627	11.0832	0.0212	0.3882	0.136064
3034	11.5147	11.0308	0.0212	0.392	0.136448
3035	11.4554	11.0098	0.0228	0.3418	0.137408
3036	11.425	10.9857	0.0209	0.3633	0.135904
3037	11.417	11.0114	0.0219	0.3733	0.13664
3038	11.3879	11.0044	0.0214	0.3693	0.136704
3039	11.4537	11.0101	0.0217	0.4042	0.136192
3040	11.4195	10.8393	0.021	0.3815	0.136384
3041	11.3819	10.962	0.0206	0.3416	0.139456
3042	11.2597	10.8488	0.0207	0.3865	0.136128
3043	11.3723	10.9288	0.0213	0.3789	0.136192
3044	11.2137	11.0719	0.0215	0.3357	0.138688
3045	11.3234	11.1893	0.0214	0.362	0.137088
3046	11.5891	11.0428	0.0219	0.4739	0.136416
3047	11.7193	11.0438	0.0214	0.4804	0.136416
3048	11.4322	11.0293	0.0215	0.3558	0.1392
3049	11.4717	10.9659	0.0218	0.3938	0.136256
3050	11.461	10.9812	0.0212	0.3962	0.13648
3051	11.3338	10.9464	0.022	0.3372	0.139008
3052	11.3796	10.9225	0.0218	0.367	0.136128
3053	11.3735	10.8742	0.021	0.3924	0.136768
3054	11.291	10.9576	0.0213	0.3378	0.139392
3055	11.2753	10.9052	0.0209	0.369	0.136832
3056	11.4525	10.9599	0.0214	0.4499	0.136128
3057	11.2861	10.982	0.0206	0.3508	0.139392
3058	11.3599	10.884	0.0219	0.3683	0.136736
3059	11.402	10.8145	0.0222	0.3854	0.136352
3060	11.2434	10.9246	0.0213	0.3288	0.139392
3061	11.2039	10.9323	0.0212	0.3566	0.136352
3062	11.3431	10.9619	0.0221	0.3852	0.136832
3063	11.3261	11.3678	0.0266	0.3621	0.137664
3064	11.411	11.0869	0.0221	0.4133	0.136256
3065	11.895	11.1982	0.021	0.4755	0.13632
3066	11.6147	11.0638	0.0205	0.4901	0.136192
3067	11.5773	11.0291	0.0212	0.3474	0.137632
3068	11.4576	11.5069	0.0213	0.3639	0.136128
3069	11.4535	11.0033	0.0212	0.3907	0.136288
3070	12.0832	10.7862	0.0206	0.5314	0.13984
3071	11.4377	10.9178	0.0246	0.3984	0.136352
3072	11.1935	10.998	0.0216	0.3741	0.136384
3073	11.3007	11.0111	0.0206	0.3487	0.139776
3074	11.4851	11.0223	0.0204	0.4447	0.136224
3075	11.4694	11.02	0.021	0.418	0.136832
3076	11.4022	10.9813	0.0217	0.3505	0.138816
3077	11.4861	10.8244	0.0206	0.4313	0.136384
3078	11.4193	10.8307	0.0205	0.4026	0.13616
3079	11.1889	10.9776	0.0211	0.3352	0.13904
3080	11.2163	10.9026	0.0215	0.3547	0.136384
3081	11.4534	11.015	0.0213	0.4363	0.13616
3082	11.4093	11.0295	0.0221	0.4698	0.136544
3083	11.5427	10.989	0.0212	0.482	0.136672
3084	11.4821	11.0029	0.0224	0.4127	0.135968
3085	11.4276	11.0423	0.0217	0.4023	0.136224
3086	11.3971	10.9878	0.0212	0.3628	0.139552
3087	11.4605	11.0488	0.0213	0.3832	0.136032
3088	11.4101	11.0411	0.0216	0.3892	0.136704
3089	11.4423	10.9509	0.0213	0.3615	0.140128
3090	11.4777	10.9914	0.0221	0.3879	0.136032
3091	11.372	11.1585	0.0211	0.3874	0.136672
3092	11.4567	10.8932	0.0219	0.4256	0.136064
3093	11.6138	11.1123	0.0214	0.4162	0.136416
3094	11.3234	11.1344	0.0212	0.3957	0.13632
3095	11.4987	10.9722	0.0213	0.3547	0.140032
3096	11.53	10.8005	0.0221	0.3634	0.135936
3097	11.378	11.0721	0.0216	0.3735	0.13616
3098	11.2174	10.937	0.0218	0.3747	0.136352
3099	11.5571	11.2296	0.0221	0.4443	0.139168
3100	11.436	11.0822	0.0211	0.4579	0.136384
3101	11.7356	11.0471	0.0214	0.4564	0.136608
3102	11.4602	11.0312	0.0216	0.3468	0.138944
3103	11.4735	11.1164	0.0209	0.3912	0.136224
3104	11.4471	11.1757	0.0209	0.3822	0.136512
3105	11.4882	11.0577	0.0209	0.3417	0.13856
3106	11.5983	10.9242	0.0204	0.3907	0.136352
3107	11.4694	10.8165	0.0211	0.378	0.136384
3108	11.2912	10.9214	0.0205	0.338	0.140352
3109	11.2135	10.9712	0.0211	0.3645	0.136512
3110	11.3868	10.8394	0.0212	0.4263	0.136576
3111	11.3658	11.1021	0.0206	0.3624	0.137408
3112	11.2845	11.0276	0.0206	0.4065	0.136576
3113	11.5243	10.94	0.0205	0.3868	0.136544
3114	11.4668	11.1049	0.0205	0.4045	0.136608
3115	11.2974	11.0237	0.0221	0.3279	0.13904
3116	11.4985	11.0077	0.0212	0.3621	0.136544
3117	11.4912	11.3402	0.0213	0.4262	0.136448
3118	11.4325	11.6206	0.0363	0.3901	0.138144
3119	11.888	11.2187	0.0219	0.4981	0.136672
3120	12.2332	11.3756	0.021	0.5507	0.136704
3121	11.6864	11.3885	0.022	0.4317	0.140512
3122	11.7653	11.4226	0.0212	0.3575	0.136608
3123	11.7634	11.1872	0.021	0.3436	0.136224
3124	11.7987	11.6096	0.0211	0.3449	0.1368
3125	11.5521	11.4376	0.0209	0.3355	0.13776
3126	12.0044	11.2853	0.0211	0.3623	0.136384
3127	11.8041	11.6736	0.0211	0.3364	0.136896
3128	11.8353	11.4347	0.0213	0.5121	0.13696
3129	12.1159	11.4267	0.021	0.4039	0.13632
3130	11.8143	11.0612	0.0209	0.3475	0.1368
3131	11.8083	11.345	0.021	0.3514	0.136832
3132	11.4262	11.402	0.0212	0.3351	0.138496
3133	11.7154	10.9092	0.0209	0.3405	0.13664
3134	11.785	11.7056	0.0221	0.3524	0.136512
3135	11.2681	11.702	0.0214	0.3299	0.139744
3136	12.3264	11.4052	0.0212	0.5726	0.136896
3137	12.138	11.1768	0.0214	0.3984	0.136448
3138	11.9075	11.5443	0.0209	0.4706	0.136704
3139	11.5407	11.4858	0.0212	0.3343	0.138144
3140	11.9349	11.1618	0.0212	0.3583	0.136576
3141	11.8667	11.2606	0.0205	0.3498	0.136544
3142	11.6031	11.3637	0.021	0.4111	0.138048
3143	11.6329	11.4197	0.0272	0.3431	0.136576
3144	11.7322	11.4036	0.021	0.3387	0.136256
3145	12.0989	11.4801	0.0205	0.6349	0.13648
3146	11.8338	11.5317	0.0213	0.3933	0.137088
3147	11.8464	11.0663	0.0205	0.336	0.136384
3148	12.1304	11.416	0.0213	0.5641	0.13584
3149	11.4299	11.4448	0.0212	0.3334	0.140224
3150	11.7769	11.1466	0.0209	0.3312	0.136992
3151	11.8118	11.7184	0.0264	0.3374	0.13664
3152	11.5105	11.6958	0.0225	0.3341	0.13968
3153	12.4772	11.3014	0.0219	0.7007	0.1368
3154	12.1518	11.1497	0.0211	0.413	0.136672
3155	11.6837	11.1665	0.0211	0.3497	0.136576
3156	11.517	11.1056	0.0211	0.3374	0.138496
3157	11.6627	11.0905	0.021	0.4528	0.136672
3158	11.501	11.144	0.0204	0.3613	0.136896
3159	11.4571	11.0719	0.0207	0.3368	0.137696
3160	11.5174	11.1282	0.0225	0.3444	0.136512
3161	11.4411	11.1021	0.0212	0.3392	0.137248
3162	11.5374	11.0658	0.0216	0.3784	0.13792
3163	11.5275	11.1324	0.0221	0.3894	0.136672
3164	11.5883	11.4303	0.0858	0.4766	0.136896
3165	11.6814	11.2662	0.0215	0.5055	0.13664
3166	12.0163	11.4728	0.0219	0.4762	0.138272
3167	11.7068	11.4776	0.0213	0.4037	0.136736
3168	11.9374	11.4619	0.022	0.4257	0.136672
3169	11.8518	11.6819	0.0226	0.3435	0.138592
3170	11.8683	11.4053	0.0212	0.3739	0.136416
3171	12.213	11.2314	0.0217	0.482	0.136224
3172	11.8441	11.2731	0.0212	0.4013	0.136896
3173	11.6218	11.2214	0.0214	0.3585	0.139584
3174	11.6725	11.3156	0.0225	0.3681	0.136512
3175	11.6256	11.4375	0.0219	0.3717	0.136512
3176	11.6932	11.3531	0.0214	0.3462	0.13776
3177	11.8755	11.2592	0.0213	0.4017	0.135968
3178	11.7572	11.2826	0.0213	0.3702	0.136032
3179	11.7099	11.2818	0.0233	0.4167	0.140256
3180	11.7791	11.2525	0.0211	0.4556	0.136352
3181	11.7517	11.4102	0.0211	0.4276	0.136704
3182	11.67	11.3091	0.0221	0.3833	0.137088
3183	11.7849	11.2134	0.022	0.3444	0.139424
3184	11.7691	11.2279	0.0218	0.4202	0.13648
3185	11.6705	11.2728	0.0209	0.4171	0.136576
3186	11.5935	11.2619	0.0217	0.3347	0.138912
3187	11.68	11.6304	0.0215	0.3748	0.136256
3188	11.9521	11.4041	0.0213	0.6399	0.136416
3189	12.1679	11.3969	0.0212	0.4856	0.136096
3190	11.7959	11.4479	0.0214	0.3594	0.138144
3191	11.8216	11.448	0.0212	0.3902	0.136416
3192	11.8712	11.3175	0.0468	0.3892	0.13632
3193	11.8255	11.2259	0.0222	0.3473	0.139648
3194	11.7395	11.3551	0.0209	0.3653	0.13632
3195	11.6404	11.2367	0.0219	0.3793	0.136096
3196	11.8168	11.2667	0.0206	0.4271	0.13936
3197	11.6876	11.307	0.0238	0.4126	0.136768
3198	11.6895	11.2482	0.0205	0.3887	0.136352
3199	11.7392	11.2462	0.0212	0.3951	0.136224
3200	11.6221	11.1539	0.0212	0.3442	0.137344
3201	11.6836	11.1601	0.0205	0.4032	0.136288
3202	11.6046	11.1591	0.0213	0.4137	0.136448
3203	11.5373	11.1611	0.0207	0.3474	0.139104
3204	11.5621	11.7143	0.022	0.3662	0.136256
3205	11.6301	11.3018	0.0212	0.4325	0.135776
3206	12.3434	11.1991	0.0212	0.5754	0.136576
3207	11.6946	11.2287	0.0217	0.3577	0.136416
3208	11.6267	11.1686	0.0212	0.3932	0.136256
3209	11.6493	11.1983	0.0212	0.3866	0.136288
3210	11.5386	11.2096	0.0215	0.34	0.1392
3211	11.6028	11.2497	0.0212	0.3727	0.136608
3212	11.6806	11.2585	0.0212	0.4318	0.136256
3213	11.6359	11.1983	0.0218	0.3554	0.139392
3214	11.6642	11.2357	0.0213	0.3744	0.136416
3215	11.6794	11.1624	0.0216	0.4393	0.13616
3216	11.6804	11.1796	0.022	0.4065	0.136448
3217	11.5364	11.0892	0.0213	0.343	0.139616
3218	11.604	10.898	0.0217	0.3909	0.136512
3219	11.5304	11.0285	0.0212	0.4075	0.13616
3220	11.2808	11.0514	0.0213	0.351	0.138976
3221	11.4493	11.0658	0.0218	0.3884	0.136192
3222	11.4765	11.3606	0.0213	0.3908	0.135808
3223	11.9505	11.0342	0.0211	0.8294	0.138592
3224	11.9008	11.0879	0.022	0.4902	0.1368
3225	11.4179	11.0362	0.0211	0.3517	0.136352
3226	11.4617	11.0283	0.0209	0.3434	0.139296
3227	11.4077	11.0084	0.0208	0.342	0.136384
3228	11.3923	11.0854	0.0217	0.3354	0.135776
3229	11.3754	11.0891	0.0212	0.3388	0.136288
3230	11.4594	11.092	0.0219	0.3445	0.137664
3231	11.4585	11.0837	0.022	0.3406	0.135904
3232	11.463	11.0755	0.0218	0.3409	0.136384
3233	11.5574	11.0683	0.021	0.4334	0.136256
3234	11.5389	11.0541	0.0211	0.4241	0.135968
3235	11.4496	11.0361	0.0217	0.3508	0.13648
3236	11.4223	10.9118	0.0205	0.339	0.138336
3237	11.4067	10.9306	0.0217	0.3405	0.13584
3238	11.2785	10.9812	0.0216	0.3383	0.136544
3239	11.298	11.1024	0.0214	0.3382	0.138272
3240	11.3685	11.3007	0.0214	0.3568	0.136064
3241	11.7753	11.1878	0.021	0.6265	0.136544
3242	11.8858	11.2511	0.0217	0.5378	0.137568
3243	11.5764	11.246	0.0213	0.3567	0.13616
3244	11.7431	11.2558	0.0213	0.4478	0.136384
3245	11.7296	11.2593	0.0209	0.4419	0.136096
3246	11.6573	11.264	0.0208	0.3698	0.139584
3247	11.6506	11.2436	0.0211	0.36	0.136256
3248	11.6701	11.2594	0.0224	0.3744	0.136128
3249	11.6395	11.1951	0.021	0.3643	0.1392
3250	11.7465	11.1657	0.0219	0.4447	0.136448
3251	11.6539	11.1723	0.0211	0.4199	0.13632
3252	11.6293	11.3242	0.0214	0.427	0.136096
3253	11.5637	11.2047	0.0212	0.3593	0.136288
3254	11.8079	11.1474	0.0209	0.441	0.136256
3255	11.621	11.1869	0.0208	0.3817	0.136352
3256	11.5152	11.1068	0.0211	0.3382	0.138144
3257	11.5896	11.375	0.0213	0.37	0.136224
3258	11.5665	11.3103	0.021	0.4277	0.136768
3259	11.8971	11.2568	0.024	0.4773	0.1368
3260	11.7559	11.2547	0.022	0.4076	0.136352
3261	11.7003	11.3112	0.0263	0.4037	0.136192
3262	11.828	11.2719	0.022	0.5391	0.136288
3263	11.6953	11.33	0.0214	0.3476	0.136064
3264	11.6911	11.2876	0.0211	0.3848	0.136384
3265	11.752	11.2098	0.0213	0.3879	0.136064
3266	11.6679	11.29	0.0219	0.3501	0.138912
3267	11.6255	11.2363	0.0213	0.3818	0.136192
3268	11.7793	11.1583	0.0218	0.4448	0.136448
3269	11.6119	11.1788	0.0209	0.3448	0.139104
3270	11.6157	11.1541	0.0216	0.4123	0.136192
3271	11.6015	11.1881	0.0212	0.3877	0.136032
3272	11.5986	11.1555	0.0209	0.4066	0.13632
3273	11.5743	11.117	0.0213	0.3544	0.139296
3274	11.5513	11.1264	0.0221	0.3647	0.136096
3275	11.5337	11.3317	0.0213	0.3829	0.136192
3276	11.7559	11.2619	0.0216	0.5839	0.137952
3277	11.8865	11.1545	0.0218	0.5048	0.13632
3278	11.6407	11.1937	0.0216	0.3466	0.136224
3279	11.5276	11.1698	0.0208	0.3431	0.139808
3280	11.5684	11.1078	0.021	0.3442	0.135968
3281	11.5521	11.1358	0.0208	0.3504	0.13584
3282	11.4751	11.1905	0.0206	0.3378	0.136288
3283	11.4975	11.1666	0.021	0.332	0.139616
3284	11.5514	11.1587	0.0208	0.3317	0.136352
3285	11.5327	11.1414	0.0208	0.3367	0.136064
3286	11.6316	11.1805	0.0215	0.4317	0.136032
3287	11.5334	10.9969	0.0216	0.3582	0.136576
3288	11.5734	11.1383	0.0204	0.3607	0.136
3289	11.3556	11.0426	0.0209	0.3294	0.138464
3290	11.5027	11.0732	0.0204	0.3348	0.135936
3291	11.4155	10.9881	0.0203	0.3422	0.136192
3292	11.4345	11.2967	0.0228	0.3324	0.138368
3293	11.34	11.3628	0.0213	0.3241	0.136
3294	12.0561	11.5483	0.0771	0.702	0.136096
3295	11.8407	11.527	0.0215	0.4327	0.13648
3296	12.2355	11.5523	0.0212	0.5826	0.138656
3297	11.9996	11.1625	0.0211	0.4339	0.136416
3298	12.1381	11.1276	0.0218	0.5408	0.13664
3299	11.5595	11.1201	0.0208	0.3623	0.139936
3300	11.5155	11.1107	0.0207	0.3558	0.136416
3301	11.4863	11.1774	0.0212	0.3365	0.136192
3302	11.5503	11.1078	0.0215	0.4101	0.136544
3303	11.6557	11.0763	0.021	0.436	0.136192
3304	11.486	11.1093	0.0219	0.3457	0.136416
3305	11.4538	11.1983	0.0212	0.3463	0.136864
3306	11.4805	11.2318	0.0213	0.3407	0.137568
3307	11.6777	11.3267	0.0209	0.4394	0.136544
3308	11.6157	11.2903	0.0222	0.3514	0.13664
3309	11.7098	11.3209	0.0217	0.3508	0.136128
3310	11.6932	11.6323	0.0216	0.3701	0.13648
3311	11.9567	11.5593	0.0217	0.5847	0.136256
3312	12.2049	11.59	0.0217	0.5208	0.136256
3313	11.9689	11.622	0.0218	0.3769	0.13632
3314	12.0199	11.6478	0.0212	0.3958	0.136224
3315	12.0922	11.5496	0.0219	0.4288	0.136224
3316	12.0284	11.5937	0.0219	0.3492	0.138016
3317	11.9579	11.6292	0.0221	0.3756	0.136128
3318	12.0056	11.6004	0.0213	0.3788	0.135936
3319	12.0617	11.6955	0.0219	0.397	0.136032
3320	12.0306	11.7502	0.0221	0.3955	0.136064
3321	12.1389	11.6537	0.0209	0.4052	0.13616
3322	12.2027	11.6932	0.0205	0.4137	0.136224
3323	12.059	11.4803	0.0206	0.3741	0.139904
3324	12.0832	11.4408	0.023	0.3578	0.135808
3325	11.9501	11.4889	0.0219	0.4388	0.136256
3326	11.8616	11.6388	0.0215	0.3837	0.13616
3327	11.8625	11.8939	0.0247	0.3432	0.137312
3328	12.1877	11.882	0.0221	0.5023	0.13616
3329	12.5602	11.6968	0.0802	0.6133	0.136416
3330	12.3763	11.4956	0.021	0.4495	0.13616
3331	12.2875	11.486	0.021	0.4838	0.13888
3332	11.8697	11.4795	0.0217	0.3421	0.136128
3333	11.8646	11.4957	0.0211	0.3493	0.136096
3334	11.8488	11.3165	0.0211	0.3389	0.1384
3335	11.8733	11.3052	0.0211	0.3468	0.136224
3336	11.6855	11.4068	0.0212	0.3395	0.136128
3337	11.7871	11.4149	0.0209	0.4409	0.137024
3338	11.7648	11.4522	0.0207	0.3269	0.13872
3339	11.82	11.3019	0.0212	0.3715	0.136224
3340	11.8349	11.4297	0.0211	0.351	0.135904
3341	11.8102	11.3727	0.0215	0.469	0.138944
3342	11.906	11.3947	0.0214	0.4361	0.135808
3343	11.7484	11.3671	0.0212	0.3435	0.135808
3344	11.7771	11.6241	0.0214	0.3505	0.136512
3345	12.0623	11.4822	0.022	0.6478	0.138528
3346	12.1748	11.5644	0.0217	0.5006	0.136672
3347	11.9508	11.5426	0.0213	0.4267	0.13632
3348	11.9541	11.4197	0.0224	0.3577	0.13824
3349	11.9794	11.526	0.0212	0.401	0.136
3350	11.8424	11.5031	0.0219	0.3872	0.136128
3351	11.9446	11.5318	0.0212	0.3849	0.136576
3352	11.8834	11.5878	0.0209	0.3487	0.13792
3353	11.9516	11.4452	0.0214	0.3872	0.135968
3354	11.9927	11.5503	0.0213	0.3731	0.13616
3355	11.9602	11.4842	0.0213	0.4618	0.135808
3356	12.0854	11.4048	0.0619	0.4891	0.136352
3357	11.9402	11.4634	0.022	0.416	0.136288
3358	11.8925	11.4093	0.022	0.4094	0.136096
3359	11.8404	11.4136	0.021	0.3453	0.138176
3360	11.8235	11.5112	0.0212	0.3811	0.13616
3361	11.7816	11.74	0.0213	0.3383	0.136032
3362	12.0428	11.843	0.0211	0.5013	0.137312
3363	12.3586	11.7717	0.0219	0.5686	0.136512
3364	12.3051	11.3889	0.0212	0.4213	0.136064
3365	12.2203	11.2441	0.021	0.4108	0.136384
3366	11.8102	11.2053	0.0207	0.3866	0.13728
3367	11.6147	11.253	0.0211	0.3407	0.136288
3368	11.5738	11.2473	0.0212	0.339	0.136672
3369	11.6459	11.1526	0.0218	0.3641	0.136288
3370	11.6206	11.2818	0.0212	0.3433	0.13616
3371	11.5216	11.1885	0.0211	0.3384	0.136384
3372	11.8024	11.092	0.0211	0.4738	0.136096
3373	11.5662	11.1143	0.0211	0.3449	0.139104
3374	11.491	11.071	0.021	0.3684	0.136096
3375	11.4797	11.1063	0.0219	0.3363	0.135552
3376	11.4503	11.0779	0.0217	0.3497	0.13744
3377	11.4716	11.0612	0.0211	0.3347	0.136608
3378	11.4451	11.0973	0.0219	0.338	0.136128
3379	11.425	11.0408	0.0211	0.3345	0.13968
3380	11.7519	11.0209	0.0211	0.6066	0.136288
3381	11.5444	11.0221	0.0209	0.4567	0.136608
3382	11.4363	11.0149	0.0212	0.3829	0.136256
3383	11.3879	10.9788	0.0211	0.3366	0.136448
3384	11.4414	10.9456	0.0219	0.3911	0.136352
3385	11.4038	10.9112	0.0211	0.3922	0.136288
3386	11.4485	10.8496	0.0218	0.4623	0.13888
3387	11.2932	10.8684	0.021	0.3507	0.136384
3388	11.2232	10.8439	0.0216	0.3422	0.136192
3389	11.2247	10.8551	0.0214	0.3273	0.13856
3390	11.3258	10.8978	0.0211	0.4391	0.136704
3391	11.2532	10.82	0.0217	0.3642	0.136096
3392	11.264	10.8608	0.0215	0.3365	0.137664
3393	11.1815	10.8225	0.021	0.332	0.136288
3394	11.2446	10.8321	0.0209	0.3521	0.136128
3395	11.1883	10.8644	0.0209	0.3363	0.138656
3396	11.1919	10.9518	0.0242	0.3309	0.135968
3397	11.2242	10.8884	0.0211	0.3308	0.136576
3398	11.5392	10.9216	0.0209	0.5362	0.136288
3399	11.3659	10.877	0.021	0.4333	0.13632
3400	11.2991	10.8442	0.021	0.3464	0.13632
3401	11.2559	10.9247	0.0219	0.3474	0.1392
3402	11.2199	10.9108	0.021	0.3452	0.13584
3403	11.3096	10.8835	0.0209	0.3543	0.136448
3404	11.2782	10.8647	0.0209	0.3378	0.138592
3405	11.2469	10.82	0.0213	0.3339	0.136128
3406	11.2253	10.8797	0.021	0.3315	0.136704
3407	11.1785	10.8397	0.021	0.3298	0.138912
3408	11.3205	10.8449	0.0211	0.4041	0.135904
3409	11.248	10.7147	0.021	0.3734	0.136736
3410	11.2174	10.7733	0.0208	0.3402	0.13856
3411	11.071	10.7462	0.0211	0.3274	0.136096
3412	11.1327	10.6149	0.0202	0.3307	0.136352
3413	11.1152	10.747	0.0203	0.34	0.139296
3414	10.9615	10.659	0.0216	0.3192	0.136096
3415	11.0941	11.086	0.0215	0.3195	0.136416
3416	11.4416	10.9183	0.0218	0.7294	0.138368
3417	11.6433	11.0187	0.0212	0.5083	0.135648
3418	11.3584	10.9729	0.0213	0.4024	0.136288
3419	11.4529	11.0285	0.0215	0.3993	0.136032
3420	11.3496	10.9503	0.0213	0.3463	0.139168
3421	11.4317	10.9485	0.0217	0.3708	0.136672
3422	11.3682	10.7758	0.0205	0.385	0.136096
3423	11.3213	10.8284	0.0212	0.342	0.137952
3424	11.1851	10.8961	0.0209	0.3772	0.136288
3425	11.2516	10.9581	0.0472	0.3914	0.136576
3426	11.3135	10.6999	0.0211	0.3849	0.13616
3427	11.4884	10.727	0.0205	0.4584	0.135968
3428	11.0805	10.702	0.0211	0.3491	0.136
3429	11.0886	10.7323	0.022	0.3321	0.138784
3430	11.0677	10.7579	0.0214	0.3355	0.135872
3431	11.1211	10.7078	0.021	0.3574	0.135968
3432	11.2237	10.7083	0.0211	0.4267	0.139328
3433	11.1039	10.947	0.0212	0.3626	0.135936
3434	11.4074	10.9323	0.0217	0.6556	0.136128
3435	11.5477	10.9113	0.0211	0.5523	0.136128
3436	11.3974	10.984	0.0219	0.4254	0.136
3437	11.3462	10.9992	0.0212	0.3991	0.136224
3438	11.3716	10.905	0.0211	0.3564	0.13904
3439	11.4223	10.8591	0.0227	0.3903	0.135872
3440	11.3354	10.8562	0.0212	0.3951	0.136288
3441	11.2877	10.8679	0.021	0.3963	0.137312
3442	11.2687	10.8887	0.0218	0.3798	0.13872
3443	11.3111	11.0024	0.0211	0.4064	0.135712
3444	11.3751	10.8786	0.0226	0.4416	0.135776
3445	11.4013	10.8963	0.0212	0.3664	0.136
3446	11.2983	10.9086	0.0213	0.3847	0.136384
3447	11.326	10.9287	0.0213	0.394	0.136128
3448	11.293	10.8966	0.0213	0.3535	0.138432
3449	11.3322	10.9089	0.0209	0.3712	0.135936
3450	11.3285	10.9162	0.0214	0.3969	0.13632
3451	11.2774	10.9002	0.0214	0.3381	0.138688
3452	11.5485	10.89	0.0214	0.5897	0.135904
3453	11.4098	10.8384	0.022	0.4605	0.136224
3454	11.2684	10.7967	0.0213	0.3474	0.138304
3455	11.2561	10.9025	0.0263	0.383	0.135744
3456	11.2181	10.8646	0.0213	0.387	0.13632
3457	11.2785	10.8949	0.0218	0.3398	0.137088
3458	11.3017	10.7683	0.0214	0.4032	0.13584
3459	11.3326	10.8121	0.0246	0.4019	0.13616
3460	11.14	10.9044	0.0218	0.3421	0.139456
3461	11.2633	10.8	0.0212	0.4094	0.135808
3462	11.4156	10.85	0.022	0.4654	0.136192
3463	11.1822	10.8202	0.0209	0.3509	0.138016
3464	11.3134	10.8086	0.0213	0.4235	0.136608
3465	11.2505	10.803	0.021	0.3941	0.135872
3466	11.1939	10.7499	0.021	0.3547	0.13952
3467	11.1839	10.7774	0.0208	0.35	0.135936
3468	11.1666	10.5663	0.0206	0.3833	0.135808
3469	11.1783	10.9201	0.0214	0.37	0.138848
3470	10.9305	10.8997	0.0213	0.3343	0.139232
3471	11.4637	10.9299	0.0214	0.4965	0.135744
3472	11.4661	10.882	0.0221	0.5222	0.136384
3473	11.3378	10.9087	0.0213	0.3721	0.136
3474	11.3125	10.9014	0.0211	0.3941	0.13616
3475	11.3359	10.848	0.0218	0.3928	0.136128
3476	11.2972	10.813	0.022	0.3652	0.139104
3477	11.2437	10.8197	0.0209	0.363	0.135648
3478	11.2475	10.8079	0.0213	0.3994	0.136064
3479	11.1966	10.8035	0.0214	0.346	0.138784
3480	11.3226	10.8387	0.0205	0.4719	0.136352
3481	11.2803	10.9103	0.0213	0.435	0.13648
3482	11.2281	10.7788	0.0641	0.3581	0.139328
3483	11.3445	10.5236	0.0205	0.3975	0.13632
3484	11.3999	10.5132	0.0204	0.5301	0.136064
3485	10.8919	10.4429	0.0217	0.3363	0.13936
3486	10.8776	10.4292	0.0207	0.3356	0.135872
3487	10.8023	10.7824	0.0214	0.3298	0.13616
3488	10.7788	10.8164	0.0736	0.3214	0.138528
3489	11.4636	10.7824	0.0217	0.632	0.135904
3490	11.3597	10.8493	0.0219	0.4441	0.136288
3491	11.151	10.9215	0.0211	0.3373	0.139584
3492	11.2746	10.8342	0.0209	0.3911	0.135552
3493	11.3466	10.8083	0.021	0.3903	0.136256
3494	11.2487	10.8073	0.0212	0.3845	0.138912
3495	11.2088	10.7713	0.0245	0.3684	0.135872
3496	11.225	10.6479	0.0213	0.3842	0.136
3497	11.1501	10.7979	0.0213	0.3453	0.137664
3498	11.0363	10.6817	0.0208	0.3569	0.136448
3499	11.2861	10.7823	0.0415	0.4439	0.136128
3500	11.0474	10.8186	0.0211	0.3345	0.137984
3501	11.3	10.751	0.0245	0.4614	0.135712
3502	11.2391	10.7158	0.022	0.386	0.136032
3503	11.1284	10.6711	0.0208	0.3433	0.1392
3504	11.1325	10.7062	0.0205	0.3829	0.136064
3505	11.0745	10.7083	0.0221	0.3713	0.135776
3506	11.0706	10.8231	0.0214	0.3343	0.138304
3507	11.255	10.7684	0.0211	0.5012	0.136
3508	11.4367	10.7623	0.0263	0.566	0.13584
3509	11.1522	10.744	0.0212	0.3521	0.139424
3510	11.1883	10.7	0.0212	0.3864	0.135488
3511	11.1726	10.712	0.0212	0.3933	0.13568
3512	11.0774	10.732	0.0217	0.3475	0.137152
3513	11.1524	10.5467	0.0209	0.405	0.135776
3514	11.1676	10.5262	0.0206	0.3992	0.135808
3515	10.9056	10.6658	0.0213	0.3294	0.137088
3516	10.912	10.5501	0.0204	0.3559	0.135616
3517	11.2051	10.5104	0.0212	0.4933	0.13584
3518	10.9797	10.5825	0.0205	0.3924	0.137088
3519	10.993	10.4726	0.0224	0.4439	0.135584
3520	11.0007	10.4557	0.0205	0.3833	0.13552
3521	10.8679	10.5275	0.0212	0.361	0.138592
3522	10.8631	10.4817	0.0216	0.3759	0.135776
3523	10.9407	10.5275	0.0213	0.3798	0.135808
3524	10.8695	10.8809	0.0213	0.3554	0.137696
3525	10.9358	10.6225	0.0212	0.3758	0.13568
3526	11.4651	10.586	0.0216	0.5356	0.13616
3527	11.0053	10.5767	0.0212	0.3519	0.137696
3528	10.9987	10.6274	0.021	0.3798	0.135744
3529	11.0296	10.5611	0.0208	0.4154	0.135712
3530	11.0146	10.6115	0.0212	0.3566	0.138848
3531	11.0041	10.5789	0.0211	0.4077	0.135616
3532	11.0481	10.588	0.0213	0.3925	0.135744
3533	10.9494	10.5384	0.022	0.3408	0.137536
3534	11.0308	10.597	0.0211	0.4104	0.135968
3535	11.0238	10.5748	0.0209	0.4424	0.135712
3536	10.9755	10.5189	0.0212	0.347	0.137152
3537	11.0358	10.5129	0.0205	0.4235	0.135744
3538	10.9358	10.6427	0.0214	0.3832	0.135872
3539	10.9066	10.5457	0.0228	0.3641	0.137984
3540	11.0913	10.5548	0.0212	0.4145	0.136
3541	11.0712	10.5181	0.0206	0.491	0.13584
3542	10.9364	10.5392	0.0219	0.3496	0.136224
3543	10.9441	10.7378	0.0222	0.391	0.13568
3544	11.0556	10.6201	0.0222	0.4749	0.135648
3545	11.2771	10.657	0.0212	0.4913	0.136064
3546	11.045	10.601	0.021	0.388	0.135744
3547	11.0975	10.6178	0.0219	0.4052	0.136032
3548	10.9695	10.6725	0.0218	0.3382	0.138944
3549	11.0451	10.5684	0.0209	0.3924	0.135936
3550	11.1294	10.5227	0.0209	0.4179	0.135808
3551	10.9383	10.6261	0.0212	0.34	0.138784
3552	10.9525	10.5312	0.0219	0.3954	0.135968
3553	11.0454	10.5255	0.0211	0.385	0.13584
3554	11.03	10.5714	0.0221	0.4581	0.136352
3555	11.0186	10.5775	0.0212	0.4515	0.135872
3556	11.0406	10.4726	0.0207	0.4273	0.136256
3557	10.9596	10.486	0.0212	0.351	0.139264
3558	10.8751	10.5862	0.0212	0.3711	0.136224
3559	10.905	10.5594	0.0212	0.3854	0.13632
3560	10.9628	10.5394	0.0215	0.3463	0.139552
3561	10.9631	10.8195	0.0215	0.3729	0.136768
3562	11.0172	10.757	0.0219	0.4421	0.135392
3563	11.5079	10.7244	0.0221	0.6389	0.13616
3564	11.2884	12.1284	0.0227	0.4824	0.13632
3565	11.2204	11.416	0.0212	0.4509	0.136224
3566	12.8452	10.8549	0.0213	0.667	0.13808
3567	11.9918	10.8135	0.0216	0.5296	0.136512
3568	11.3639	10.7468	0.0217	0.4635	0.136192
3569	11.3756	10.7811	0.0214	0.5176	0.138592
3570	11.2313	10.7984	0.0221	0.442	0.136128
3571	11.2537	10.919	0.0213	0.4328	0.136224
3572	11.4484	10.8215	0.0216	0.6045	0.139424
3573	11.5104	10.7657	0.0229	0.5429	0.136544
3574	11.3929	10.7351	0.0221	0.5232	0.136576
3575	11.32	10.8558	0.0221	0.5053	0.136736
3576	11.3106	10.6965	0.0215	0.5292	0.136576
3577	11.4187	10.6925	0.0218	0.5146	0.136864
3578	11.1956	10.7702	0.022	0.4534	0.136512
3579	11.0651	10.9075	0.0321	0.3418	0.139104
3580	11.2378	10.672	0.0222	0.4307	0.13664
3581	11.6593	10.6629	0.0231	0.6919	0.136768
3582	11.2912	10.6682	0.0214	0.5676	0.138656
3583	11.1798	10.6907	0.0213	0.4701	0.13664
3584	11.1887	10.6378	0.0216	0.4726	0.136864
3585	11.1965	10.6266	0.0213	0.4623	0.140192
3586	11.1574	10.6358	0.0213	0.4769	0.136864
3587	11.1309	10.6073	0.0266	0.4571	0.136768
3588	11.2124	10.5944	0.0212	0.5307	0.139808
3589	11.1547	10.6242	0.0217	0.4965	0.136896
3590	11.0027	10.6089	0.0212	0.3752	0.136608
3591	11.113	10.5766	0.0213	0.445	0.13744
3592	11.0835	10.5993	0.0208	0.4328	0.136992
3593	10.9929	10.673	0.0224	0.3814	0.136832
3594	10.9656	10.6672	0.0224	0.3365	0.14
3595	11.2031	10.6943	0.0217	0.4853	0.13728
3596	11.2174	10.7142	0.0213	0.5035	0.137024
3597	11.1461	10.5961	0.0232	0.4106	0.138528
3598	11.2943	11.7119	0.023	0.532	0.136832
3599	11.1805	10.8508	0.0214	0.5319	0.137568
3600	12.3979	10.5901	0.0213	0.6328	0.136992
3601	11.3209	10.585	0.0214	0.429	0.137376
3602	11.0342	10.6376	0.0217	0.4077	0.137088
3603	11.1561	10.6372	0.0213	0.5252	0.140352
3604	11.214	10.5968	0.0212	0.5296	0.137504
3605	11.1419	10.6093	0.0216	0.4595	0.136416
3606	10.9724	10.5957	0.0221	0.3449	0.140288
3607	11.0055	10.6181	0.0212	0.3642	0.137344
3608	11.0107	10.5925	0.0215	0.3807	0.137568
3609	11.0411	10.6312	0.0217	0.3879	0.137056
3610	11.05	10.6161	0.0211	0.4203	0.137408
3611	11.0763	10.5871	0.0213	0.4075	0.1376
3612	10.9895	10.9614	0.0212	0.3432	0.140352
3613	11.0381	10.8716	0.021	0.4189	0.137344
3614	11.4386	10.5793	0.0212	0.4425	0.137376
3615	11.2577	10.5406	0.0211	0.355	0.139328
3616	10.9942	10.7613	0.0214	0.3813	0.1376
3617	10.9348	10.6761	0.0218	0.3625	0.137824
3618	11.3277	10.6325	0.0212	0.5164	0.137088
3619	11.126	10.6502	0.0212	0.4106	0.13744
3620	11.1482	10.5874	0.0212	0.4826	0.137376
3621	11.0334	10.698	0.0213	0.3515	0.138368
3622	11.0052	10.7129	0.0212	0.3842	0.13744
3623	11.1209	10.6586	0.0221	0.3885	0.137024
3624	11.0866	10.6679	0.0217	0.3438	0.139712
3625	11.0645	10.7103	0.0212	0.3729	0.137568
3626	11.0832	10.7339	0.0213	0.3816	0.137248
3627	11.106	10.8325	0.021	0.3659	0.140448
3628	11.2254	10.9205	0.0219	0.447	0.137312
3629	11.2927	10.7991	0.0209	0.4203	0.137696
3630	11.3111	10.8011	0.0213	0.3578	0.140672
3631	11.2164	10.8273	0.0212	0.3843	0.137824
3632	11.2326	10.7281	0.0219	0.3971	0.137664
3633	11.2196	10.7561	0.0213	0.3618	0.13888
3634	11.1388	10.8199	0.0213	0.3774	0.137472
3635	11.154	10.9453	0.0214	0.3649	0.13728
3636	11.3991	10.9183	0.0211	0.5303	0.137536
3637	11.475	10.927	0.0217	0.483	0.13712
3638	11.3393	10.9024	0.0254	0.3848	0.137056
3639	11.3514	10.9104	0.0218	0.3897	0.137376
3640	11.3157	10.9535	0.0218	0.3742	0.139168
3641	11.3134	10.9435	0.0219	0.3704	0.137088
3642	11.3773	10.9834	0.0213	0.3894	0.137152
3643	11.3263	10.8623	0.0231	0.3508	0.139456
3644	11.3993	10.9351	0.0217	0.3827	0.137312
3645	11.2679	10.9576	0.0214	0.3719	0.137312
3646	11.3844	10.9346	0.0213	0.4116	0.137184
3647	11.4281	10.911	0.0208	0.4297	0.137504
3648	11.3613	10.9203	0.0213	0.3929	0.136864
3649	11.3097	10.9127	0.0213	0.3694	0.138944
3650	11.3468	10.8062	0.0206	0.3912	0.13712
3651	11.3372	10.967	0.0205	0.3875	0.136768
3652	11.1652	10.9906	0.0213	0.3301	0.13984
3653	11.3864	11.3644	0.0213	0.3884	0.13712
3654	11.5379	11.2737	0.0212	0.5026	0.137024
3655	11.9548	11.2999	0.0212	0.543	0.137216
3656	11.6795	11.2832	0.0228	0.3708	0.136736
3657	11.7347	11.2597	0.0213	0.3992	0.136576
3658	11.7416	11.1688	0.0615	0.4175	0.136992
3659	11.8877	11.0469	0.0211	0.588	0.138304
3660	11.6721	11.1279	0.022	0.4172	0.136096
3661	11.4428	11.1307	0.0219	0.3637	0.136928
3662	11.4964	11.1718	0.0211	0.3372	0.139328
3663	11.4936	11.2053	0.0209	0.3334	0.136736
3664	11.6802	11.1965	0.021	0.4644	0.1368
3665	11.5981	11.2157	0.0222	0.3599	0.139552
3666	11.5679	11.1902	0.0215	0.3416	0.136672
3667	11.5842	11.2528	0.0212	0.338	0.136992
3668	11.5623	11.2841	0.0213	0.3405	0.136672
3669	11.6247	11.1937	0.021	0.342	0.138304
3670	11.6545	11.2758	0.0211	0.3396	0.136768
3671	11.5597	11.3173	0.0211	0.3374	0.136736
3672	11.7909	11.3179	0.0209	0.4693	0.13696
3673	11.732	11.2581	0.0211	0.3784	0.137088
3674	11.6972	11.2128	0.0209	0.3484	0.136896
3675	11.6281	11.2833	0.0219	0.3396	0.13792
3676	11.586	11.2713	0.021	0.3436	0.136448
3677	11.6645	11.3626	0.0212	0.3501	0.136544
3678	11.6372	11.2145	0.0209	0.3369	0.136544
3679	11.75	11.2299	0.0213	0.3542	0.139552
3680	11.5832	11.2129	0.0215	0.3389	0.136896
3681	11.7005	11.3008	0.0211	0.4311	0.13664
3682	11.5865	11.2899	0.0209	0.3413	0.139392
3683	11.7173	11.3064	0.021	0.3798	0.13696
3684	11.6703	11.2684	0.0211	0.3499	0.13664
3685	11.6844	11.3155	0.0213	0.348	0.139552
3686	11.6331	11.411	0.0211	0.3354	0.136768
3687	11.7173	11.316	0.021	0.3681	0.136352
3688	11.7967	11.4979	0.0216	0.3534	0.136768
3689	11.9562	11.4608	0.0213	0.6009	0.138496
3690	12.0465	11.4991	0.0216	0.4983	0.136128
3691	11.9111	11.566	0.0213	0.4115	0.13696
3692	11.9402	11.4685	0.0211	0.4075	0.139072
3693	11.9934	11.4889	0.0219	0.3926	0.136544
3694	11.8747	11.4881	0.0219	0.3746	0.136704
3695	11.9056	11.5752	0.022	0.383	0.136416
3696	11.8737	11.4509	0.0211	0.3536	0.139584
3697	12.016	11.5656	0.0213	0.4049	0.136672
3698	11.8589	11.412	0.0216	0.3755	0.136448
3699	12.1542	11.5134	0.0208	0.5512	0.136096
3700	11.8571	11.2673	0.0216	0.406	0.13648
3701	11.9449	11.3232	0.0205	0.397	0.136448
3702	11.689	11.3199	0.0205	0.387	0.136448
3703	11.6841	11.3475	0.0205	0.3316	0.139168
3704	11.7089	10.9781	0.0207	0.3576	0.136032
3705	11.7802	11.3597	0.0222	0.3965	0.135872
3706	11.3474	11.2509	0.0214	0.3396	0.138336
3707	11.9246	11.2671	0.0214	0.5154	0.136256
3708	11.823	11.1805	0.0215	0.5216	0.136512
3709	11.7743	11.2048	0.0213	0.461	0.135744
3710	11.7442	11.1299	0.0218	0.5202	0.138976
3711	11.7771	11.1309	0.0214	0.5285	0.136448
3712	11.6494	11.0055	0.0213	0.4712	0.135936
3713	11.6875	11.0885	0.0213	0.515	0.139328
3714	11.5233	11.099	0.0222	0.4741	0.135936
3715	11.6036	11.0402	0.0222	0.4686	0.136064
3716	11.6291	11.0035	0.0229	0.4822	0.136096
3717	11.7157	11.0568	0.0214	0.6282	0.136
3718	11.5293	10.9438	0.0214	0.4764	0.135648
3719	11.5836	11.0543	0.0231	0.4769	0.136
3720	11.501	11.0614	0.0217	0.5141	0.138848
3721	11.573	11.0465	0.0213	0.4732	0.136
3722	11.5836	10.9842	0.0219	0.4737	0.136096
3723	11.5947	11.0361	0.0214	0.5062	0.138176
3724	11.6819	10.9568	0.0216	0.651	0.136
3725	11.5712	11.1284	0.0222	0.4849	0.135936
3726	11.5334	11.0621	0.0213	0.5331	0.137344
3727	11.7014	10.9365	0.0214	0.5244	0.135744
3728	11.6743	11.0051	0.0212	0.5635	0.135744
3729	11.5322	11.0798	0.0213	0.548	0.135776
3730	11.5393	11.2279	0.0215	0.488	0.135776
3731	11.6006	11.0507	0.0213	0.4755	0.135584
3732	11.7957	11.2062	0.0215	0.528	0.135424
3733	11.6006	11.7946	0.0233	0.5085	0.137216
3734	11.7741	13.2588	0.021	0.5197	0.136384
3735	12.5335	11.0173	0.0214	0.6862	0.134944
3736	13.824	11.0485	0.0214	0.5179	0.135648
3737	11.5606	11.107	0.0213	0.5004	0.137728
3738	11.5544	11.1428	0.0212	0.4626	0.135296
3739	11.657	11.0761	0.0231	0.5025	0.135776
3740	11.7187	11.4788	0.0219	0.534	0.13824
3741	11.6665	11.2699	0.0218	0.5413	0.135456
3742	12.1078	11.2476	0.0218	0.5764	0.135616
3743	11.8879	11.1965	0.0217	0.5766	0.137312
3744	11.7431	11.3432	0.0224	0.454	0.135584
3745	11.7595	11.189	0.0221	0.517	0.134976
3746	11.8646	11.2642	0.022	0.4748	0.135968
3747	11.7361	11.1513	0.0213	0.5025	0.138944
3748	11.784	11.1641	0.0214	0.4748	0.136416
3749	11.6298	11.2475	0.0276	0.4395	0.135936
3750	11.742	11.2546	0.0215	0.5357	0.138624
3751	11.8078	11.21	0.0213	0.5082	0.135552
3752	11.8322	11.251	0.0215	0.5273	0.135776
3753	11.736	11.2386	0.0213	0.4817	0.135584
3754	11.8107	11.2034	0.0214	0.5171	0.137504
3755	11.7552	11.1176	0.0217	0.4721	0.136128
3756	11.727	11.1561	0.0214	0.4774	0.13568
3757	11.6602	11.2368	0.0214	0.5028	0.139296
3758	11.6552	11.3344	0.0216	0.4585	0.135968
3759	11.7987	11.099	0.0228	0.5125	0.135424
3760	11.9615	11.2197	0.0213	0.5724	0.13584
3761	11.6561	11.2618	0.0228	0.5126	0.138176
3762	11.7387	11.1022	0.0223	0.474	0.135584
3763	11.8237	11.1181	0.0221	0.5112	0.135744
3764	11.7223	11.2485	0.0213	0.5788	0.139168
3765	11.6925	11.271	0.0216	0.5273	0.13568
3766	11.7647	11.1297	0.0215	0.4707	0.136288
3767	11.8349	11.2053	0.0213	0.5206	0.137824
3768	11.6453	11.2721	0.022	0.4725	0.13632
3769	11.7266	11.2305	0.0213	0.4758	0.136544
3770	11.7929	11.1535	0.0223	0.4721	0.136352
3771	11.8453	11.161	0.0222	0.5663	0.137088
3772	11.7216	11.1642	0.0216	0.5199	0.136288
3773	11.6694	11.1407	0.0214	0.4625	0.136576
3774	11.7515	11.1508	0.0221	0.5445	0.1384
3775	11.708	11.2964	0.0215	0.5217	0.136128
3776	11.6309	12.1884	0.0231	0.4412	0.13632
3777	11.8276	12.5675	0.0215	0.4795	0.13664
3778	12.929	11.129	0.022	0.6929	0.13808
3779	13.1546	11.1002	0.0213	0.5399	0.136384
3780	11.6375	11.0842	0.0214	0.4623	0.136512
3781	11.6639	11.0232	0.0212	0.5204	0.139328
3782	11.5978	10.9656	0.0334	0.472	0.136672
3783	11.5063	11.0289	0.0212	0.4427	0.136544
3784	11.5581	11.0066	0.0213	0.5249	0.137056
3785	11.594	11.4208	0.0215	0.5231	0.138368
3786	11.5432	10.9065	0.0214	0.4886	0.136896
3787	11.9761	10.8553	0.0218	0.5068	0.136512
3788	11.4621	10.9974	0.0214	0.5117	0.13792
3789	11.3718	11.0049	0.0213	0.4722	0.137504
3790	11.5237	10.8358	0.0215	0.4778	0.136832
3791	11.5009	10.8937	0.0214	0.4551	0.139456
3792	11.3684	10.9427	0.0214	0.4881	0.137152
3793	11.422	11.1851	0.0214	0.4804	0.137216
3794	11.601	10.8698	0.0213	0.5836	0.138656
3795	11.8431	10.8932	0.0222	0.6088	0.13744
3796	11.4428	10.9766	0.0229	0.525	0.137088
3797	11.4102	10.9005	0.0213	0.4681	0.137376
3798	11.5784	10.9127	0.0213	0.5561	0.139616
3799	11.4208	10.8668	0.0222	0.4774	0.137248
3800	11.4262	10.919	0.0214	0.4683	0.137632
3801	11.4481	10.9015	0.0215	0.5358	0.139552
3802	11.4858	11.0063	0.0218	0.5215	0.137408
3803	11.4567	10.9551	0.0214	0.5067	0.13728
3804	11.5869	11.0576	0.0217	0.5336	0.137312
3805	11.5463	11.0667	0.0217	0.5427	0.137536
3806	11.6374	11.0654	0.0213	0.5341	0.137728
3807	11.716	11.209	0.022	0.5959	0.137664
3808	11.5901	10.9885	0.0215	0.4811	0.137408
3809	11.745	11.0179	0.0222	0.4887	0.137568
3810	11.5368	11.1703	0.0216	0.4974	0.137568
3811	11.6026	11.0484	0.0228	0.5405	0.139584
3812	11.8335	10.9932	0.0216	0.615	0.138176
3813	11.5657	10.9414	0.0213	0.4655	0.137184
3814	11.532	11.0025	0.0213	0.4998	0.139712
3815	11.5163	11.0366	0.0214	0.5293	0.137504
3816	11.522	10.9582	0.023	0.4781	0.137696
3817	11.607	10.966	0.0215	0.5243	0.139744
3818	11.4863	10.9989	0.0213	0.4845	0.138176
3819	11.5318	11.3684	0.0633	0.5185	0.137408
3820	11.5002	11.0074	0.0212	0.4555	0.137504
3821	11.9682	11.0336	0.021	0.5074	0.137728
3822	11.4677	10.998	0.0219	0.4198	0.13824
3823	11.4378	11.0487	0.0219	0.3694	0.1376
3824	11.3663	10.9927	0.022	0.3374	0.139808
3825	11.4256	10.9704	0.0214	0.3454	0.137696
3826	11.3644	11.0516	0.0222	0.3404	0.13776
3827	11.3389	10.986	0.0212	0.3386	0.14016
3828	11.4271	11.0604	0.0212	0.3442	0.13776
3829	11.3532	11.0827	0.0213	0.3374	0.137888
3830	11.7391	10.8754	0.021	0.6301	0.136768
3831	11.6122	10.8875	0.0211	0.48	0.138624
3832	11.2733	10.9436	0.0208	0.3645	0.137888
3833	11.2683	10.902	0.021	0.3499	0.138144
3834	11.3069	10.9357	0.0217	0.3338	0.139648
3835	11.2683	10.8774	0.0219	0.3366	0.13808
3836	11.3098	10.9023	0.021	0.3433	0.137952
3837	11.2424	10.8768	0.0212	0.3347	0.141024
3838	11.2727	10.9243	0.0236	0.3406	0.137888
3839	11.5403	10.7885	0.0219	0.6198	0.137568
3840	11.4555	10.8647	0.0218	0.4815	0.137568
3841	11.2252	10.8428	0.0219	0.3995	0.13808
3842	11.293	10.7899	0.0212	0.3929	0.137568
3843	11.2166	10.8122	0.0211	0.3431	0.140288
3844	11.2221	10.8057	0.0212	0.3978	0.138016
3845	11.2254	10.7196	0.0212	0.3795	0.137696
3846	11.1853	10.7915	0.0217	0.3495	0.13936
3847	11.1431	11.0263	0.023	0.393	0.137664
3848	11.4491	10.7741	0.0222	0.6112	0.13808
3849	11.6122	10.6423	0.0212	0.534	0.138816
3850	11.2867	10.6423	0.0212	0.4658	0.13776
3851	11.0155	10.6572	0.0218	0.3423	0.137472
3852	11.0071	10.617	0.0215	0.3352	0.140608
3853	11.0276	10.5919	0.0211	0.3399	0.137568
3854	10.9806	10.5378	0.021	0.3336	0.13712
3855	10.9887	10.5255	0.021	0.3665	0.140896
3856	10.9091	10.5986	0.022	0.341	0.137984
3857	10.8947	10.5194	0.0227	0.3397	0.137088
3858	11.1202	10.5206	0.0218	0.4746	0.137376
3859	11.0124	10.591	0.021	0.4485	0.138144
3860	10.8906	10.5072	0.0218	0.3384	0.137472
3861	10.9558	10.5018	0.0218	0.3354	0.139552
3862	10.8703	10.4714	0.021	0.3329	0.137152
3863	10.8682	10.4918	0.021	0.3369	0.137664
3864	10.8317	10.523	0.0216	0.3314	0.139904
3865	10.8534	10.5849	0.0211	0.3324	0.13712
3866	11.0155	10.5574	0.0221	0.4467	0.137504
3867	11.1198	10.5605	0.0211	0.4858	0.137344
3868	11.0639	10.511	0.021	0.4604	0.137056
3869	11.0341	10.5196	0.0218	0.4305	0.137728
3870	10.8814	10.5116	0.0212	0.3397	0.140704
3871	10.8938	10.5287	0.021	0.3441	0.137472
3872	10.8879	10.5435	0.021	0.346	0.137632
3873	10.8972	10.5349	0.0216	0.3395	0.140256
3874	10.9189	10.5692	0.0215	0.3446	0.137376
3875	10.9029	10.5096	0.021	0.3379	0.137344
3876	10.9678	10.5355	0.0218	0.3669	0.13936
3877	10.9382	10.6154	0.0212	0.393	0.137344
3878	10.9302	10.5543	0.021	0.3635	0.139872
3879	11.0019	10.5763	0.0219	0.355	0.138208
3880	10.9346	10.5773	0.0216	0.3494	0.137344
3881	11.0839	10.5727	0.0209	0.4675	0.139552
3882	10.9401	10.6699	0.0209	0.3321	0.137344
3883	10.9344	10.611	0.0215	0.3255	0.137312
3884	11.0389	10.7306	0.0212	0.3394	0.139168
3885	11.1392	10.8408	0.0838	0.4825	0.136672
3886	11.3911	10.8691	0.0212	0.6144	0.136832
3887	11.384	10.8823	0.0213	0.4353	0.1392
3888	11.2615	10.8587	0.0221	0.3593	0.136768
3889	11.3045	10.8502	0.0209	0.3879	0.136768
3890	11.2768	10.9044	0.0212	0.3833	0.137024
3891	11.2335	10.8679	0.0213	0.3524	0.139552
3892	11.3507	10.8534	0.0209	0.4091	0.1368
3893	11.2912	10.847	0.022	0.3884	0.136384
3894	11.2236	10.9479	0.0213	0.3406	0.138432
3895	11.322	10.6935	0.0209	0.4342	0.136352
3896	11.4254	11.0382	0.0219	0.4358	0.136704
3897	11.0839	10.7866	0.0211	0.3601	0.139584
3898	11.4626	10.7739	0.022	0.3891	0.13648
3899	11.2346	10.6635	0.0213	0.4111	0.135968
3900	11.1443	10.7118	0.0212	0.339	0.139648
3901	11.092	10.7085	0.0214	0.3963	0.136736
3902	11.1399	10.9975	0.0215	0.3943	0.13616
3903	11.1899	10.8102	0.0214	0.4431	0.137056
3904	11.5378	10.9187	0.021	0.4916	0.136352
3905	11.2449	10.8822	0.0212	0.397	0.136768
3906	11.3009	10.8554	0.0217	0.3516	0.1376
3907	11.2891	10.8777	0.0212	0.3738	0.13632
3908	11.2785	11.3366	0.0291	0.3887	0.136128
3909	11.2618	11.5667	0.0212	0.3539	0.136896
3910	12.0307	10.8479	0.0217	0.646	0.136096
3911	12.0415	10.8751	0.0211	0.4369	0.136608
3912	11.284	10.8151	0.0221	0.4015	0.136128
3913	11.354	10.8021	0.0213	0.4386	0.136032
3914	11.276	10.8042	0.0249	0.421	0.136192
3915	11.2217	10.8494	0.022	0.3861	0.136544
3916	11.1884	10.7771	0.0212	0.3482	0.137824
3917	11.2722	10.791	0.0212	0.389	0.135968
3918	11.191	10.8072	0.0211	0.3808	0.135776
3919	11.1709	10.8088	0.0253	0.3489	0.139424
3920	11.2358	11.1906	0.026	0.3944	0.135616
3921	11.2712	10.8431	0.0216	0.4216	0.135904
3922	11.9353	10.8612	0.022	0.688	0.135904
3923	11.322	10.7733	0.0212	0.4363	0.135648
3924	11.296	10.7738	0.0212	0.3991	0.135648
3925	11.15	10.8706	0.0218	0.3465	0.138176
3926	11.18	10.8911	0.0213	0.3741	0.135744
3927	11.2793	10.7978	0.0212	0.3754	0.135776
3928	11.282	10.8117	0.0213	0.3535	0.13904
3929	11.199	10.858	0.0219	0.3688	0.136064
3930	11.2187	10.8903	0.0212	0.3753	0.13584
3931	11.2893	10.8561	0.0212	0.3945	0.13616
3932	11.334	10.8294	0.021	0.4064	0.135648
3933	11.2873	10.9196	0.0218	0.3957	0.13568
3934	11.2015	10.8464	0.021	0.3415	0.139808
3935	11.3521	10.8785	0.021	0.3973	0.136288
3936	11.2553	10.8958	0.0213	0.3764	0.13616
3937	11.2597	10.8857	0.0211	0.3514	0.1376
3938	11.3063	10.9548	0.0214	0.3781	0.135776
3939	11.2831	10.8785	0.0211	0.3659	0.135648
3940	11.5494	10.7643	0.0211	0.5461	0.135744
3941	11.2718	10.8962	0.0211	0.3601	0.135872
3942	11.2089	10.8635	0.0212	0.41	0.135488
3943	11.3112	10.9399	0.0213	0.3819	0.136
3944	11.2409	10.9809	0.0211	0.3471	0.137408
3945	11.3687	10.9143	0.0212	0.3945	0.135584
3946	11.3846	10.9114	0.0218	0.3713	0.136
3947	11.2915	10.8558	0.0221	0.3469	0.139392
3948	11.3294	10.8368	0.0218	0.3841	0.136384
3949	11.3625	10.9501	0.021	0.4602	0.136064
3950	11.2111	10.9258	0.0215	0.3416	0.138496
3951	11.4179	10.8985	0.0216	0.4262	0.135904
3952	11.358	10.7818	0.0205	0.3967	0.135808
3953	11.27	10.9171	0.0214	0.3398	0.1376
3954	11.2338	11.051	0.0219	0.4193	0.13584
3955	11.3524	10.8644	0.0225	0.3989	0.135904
3956	11.4362	11.1288	0.0213	0.3535	0.137568
3957	11.2578	11.1639	0.0212	0.3587	0.136096
3958	11.6603	11.1101	0.022	0.4843	0.136096
3959	11.5422	11.1061	0.0214	0.3467	0.139424
3960	11.5693	11.214	0.021	0.4248	0.135104
3961	11.5237	11.1712	0.0211	0.3836	0.136128
3962	11.6451	11.0901	0.0209	0.3964	0.136128
3963	11.5444	11.2436	0.0214	0.3431	0.138048
3964	11.6983	11.0791	0.0212	0.5773	0.135968
3965	11.6632	11.2166	0.021	0.3842	0.13632
3966	11.4657	11.2489	0.0212	0.3555	0.138464
3967	11.6929	11.2373	0.0211	0.4348	0.135904
3968	11.7192	12.8705	0.0231	0.4293	0.136128
3969	11.6399	13.3968	0.0214	0.3689	0.137408
3970	13.6376	11.8227	0.0221	0.7169	0.135648
3971	13.9452	12.3255	0.0218	0.5005	0.135648
3972	12.5175	11.1628	0.0205	0.6467	0.135808
3973	12.8267	11.4603	0.0214	0.4549	0.135552
3974	11.5427	11.4159	0.0212	0.3493	0.137056
3975	12.0155	11.5287	0.022	0.5076	0.135936
3976	11.8688	11.349	0.0212	0.4134	0.135712
3977	11.9136	11.4035	0.0219	0.3528	0.138656
3978	11.756	11.426	0.0213	0.3752	0.135488
3979	11.8194	11.4907	0.0254	0.3829	0.135552
3980	11.8666	11.3183	0.021	0.4037	0.135808
3981	11.8709	11.1631	0.0209	0.345	0.138944
3982	11.72	11.2856	0.0271	0.3706	0.135712
3983	11.5749	11.4128	0.0221	0.377	0.135616
3984	11.7441	11.3005	0.0212	0.4132	0.135616
3985	11.8488	11.3589	0.0206	0.3983	0.135744
3986	11.7917	11.2829	0.0213	0.4483	0.135808
3987	11.8137	11.0415	0.0204	0.4181	0.13552
3988	11.6686	11.2203	0.0217	0.354	0.138048
3989	11.4519	11.1186	0.0209	0.3778	0.135936
3990	11.655	11.0933	0.0215	0.3992	0.135712
3991	11.508	11.39	0.0222	0.3589	0.13872
3992	11.7691	11.2821	0.0211	0.6315	0.13584
3993	11.8957	11.3847	0.0218	0.4557	0.13552
3994	11.6568	11.3553	0.0214	0.3437	0.137696
3995	11.8207	11.2705	0.0212	0.4005	0.135776
3996	11.7876	11.3082	0.0215	0.397	0.135648
3997	11.6785	11.1713	0.0213	0.3754	0.135648
3998	11.697	11.1127	0.0222	0.3577	0.138528
3999	11.5759	11.0769	0.0212	0.3715	0.135392
4000	11.5346	11.184	0.0248	0.3874	0.135424
4001	11.448	11.1505	0.0216	0.3412	0.137472
4002	11.6788	11.1373	0.0213	0.4498	0.13552
4003	11.6165	11.1923	0.0205	0.4241	0.135648
4004	11.5257	11.0975	0.0206	0.3558	0.13856
4005	11.6073	11.1627	0.0217	0.3817	0.1352
4006	11.5137	10.9561	0.0206	0.382	0.13552
4007	11.7109	11.1249	0.0205	0.5158	0.134688
4008	11.3198	11.1946	0.0213	0.3329	0.137088
4009	11.5331	11.2697	0.0215	0.3749	0.135648
4010	11.7112	11.1676	0.0212	0.4699	0.136128
4011	11.7749	11.1417	0.021	0.4631	0.137408
4012	11.5986	11.2116	0.0269	0.396	0.135584
4013	11.5643	11.1131	0.022	0.3892	0.13552
4014	11.5937	11.0432	0.0214	0.3455	0.138784
4015	11.4829	10.9916	0.0205	0.3398	0.135392
4016	11.4523	10.8639	0.0213	0.376	0.136032
4017	11.3564	10.676	0.0214	0.3356	0.13792
4018	11.2788	10.8177	0.0214	0.3819	0.135616
4019	11.0742	11.0685	0.0352	0.3656	0.135648
4020	11.4026	11.1441	0.0211	0.5493	0.135616
4021	11.6463	10.9655	0.0212	0.5177	0.135616
4022	11.5447	10.9688	0.0212	0.3666	0.136192
4023	11.3423	11.0599	0.0213	0.346	0.135872
4024	11.4133	11.151	0.0218	0.4123	0.137952
4025	11.6549	10.6508	0.0257	0.5517	0.135456
4026	11.6072	11.0795	0.0219	0.4166	0.135424
4027	11.1001	11.0304	0.0212	0.4147	0.137792
4028	11.6921	10.5577	0.0211	0.5637	0.136416
4029	11.4785	10.8338	0.0212	0.4078	0.135392
4030	10.9362	11.0395	0.0221	0.3476	0.137248
4031	11.2206	10.664	0.0211	0.3556	0.13552
4032	11.5931	10.8513	0.0211	0.5102	0.135616
4033	11.1193	10.7354	0.022	0.421	0.137152
4034	11.2293	10.5464	0.0213	0.3465	0.135168
4035	11.1083	10.7656	0.0215	0.3415	0.135712
4036	10.9908	11.2638	0.0218	0.4142	0.138848
4037	11.1313	10.4862	0.0208	0.3358	0.135392
4038	11.816	10.8677	0.0217	0.5085	0.13552
4039	10.8552	10.561	0.0739	0.3378	0.137728
4040	11.4568	10.5726	0.0212	0.5588	0.136
4041	11.0893	10.5072	0.0596	0.4297	0.13552
4042	10.9444	10.5567	0.0211	0.3408	0.138144
4043	10.9682	10.6297	0.0206	0.3889	0.135488
4044	10.9692	10.5109	0.0214	0.3797	0.135104
4045	10.9925	10.6983	0.0213	0.3335	0.138144
4046	11.0676	10.7525	0.0226	0.5118	0.135584
4047	11.1992	10.8867	0.021	0.4554	0.135552
4048	11.1296	10.8939	0.0211	0.3427	0.136736
4049	11.3049	10.7918	0.0212	0.3841	0.135488
4050	11.363	10.6279	0.0204	0.4367	0.136192
4051	11.1743	10.831	0.0214	0.3527	0.137632
4052	11.0597	10.5831	0.0213	0.3981	0.135712
4053	11.2788	10.476	0.0221	0.4085	0.135264
4054	10.959	10.6658	0.0211	0.3454	0.138976
4055	11.0206	10.6971	0.0212	0.5041	0.135616
4056	11.1521	10.531	0.0213	0.4428	0.135296
4057	11.0798	10.645	0.0213	0.3514	0.137856
4058	10.9878	10.7658	0.0212	0.4183	0.135904
4059	11.0883	10.4974	0.0212	0.4067	0.135392
4060	11.1686	10.538	0.0209	0.3708	0.138176
4061	10.8971	10.5162	0.0221	0.367	0.135488
4062	10.9376	10.3925	0.0205	0.3675	0.135136
4063	10.8821	10.7953	0.0221	0.3354	0.13856
4064	10.7844	10.6751	0.0216	0.3617	0.135552
4065	11.3282	10.4441	0.0225	0.486	0.1352
4066	11.0647	10.6193	0.0212	0.3572	0.13696
4067	10.8526	10.6243	0.0219	0.3748	0.135584
4068	11.0963	10.5782	0.0212	0.4337	0.135584
4069	11.0035	10.4671	0.0204	0.348	0.137824
4070	11.0022	10.4027	0.0204	0.3908	0.13584
4071	10.8719	10.2508	0.0212	0.3735	0.1352
4072	10.772	10.3409	0.0212	0.3397	0.138496
4073	10.6635	10.3216	0.0209	0.3798	0.136224
4074	10.8678	10.3505	0.0213	0.4844	0.135616
4075	10.7197	10.1984	0.0212	0.3641	0.138848
4076	10.8377	10.3846	0.0214	0.4453	0.13584
4077	10.6518	10.4322	0.0219	0.4191	0.135616
4078	10.7494	10.3289	0.0212	0.334	0.137312
4079	10.8483	10.3352	0.0214	0.382	0.13584
4080	10.7328	10.529	0.0217	0.3716	0.135584
4081	10.7146	10.384	0.0216	0.349	0.138624
4082	10.9363	10.582	0.0572	0.3745	0.135936
4083	10.7588	10.5984	0.0221	0.3449	0.138528
4084	11.1505	10.4915	0.0211	0.4854	0.135712
4085	11.0394	10.4993	0.0216	0.4013	0.135712
4086	10.8694	10.4458	0.0215	0.3477	0.138112
4087	10.9193	10.3549	0.0217	0.3865	0.135648
4088	10.8855	10.3009	0.0209	0.4032	0.135808
4089	10.7358	10.3197	0.0206	0.3498	0.138016
4090	10.6853	10.2314	0.0204	0.3529	0.136192
4091	10.7191	10.1964	0.0205	0.3674	0.135648
4092	10.6062	10.1966	0.0221	0.345	0.138336
4093	10.5805	10.2588	0.0205	0.3536	0.136128
4094	10.6937	10.2196	0.0205	0.4513	0.136672
4095	10.6385	10.1994	0.021	0.3492	0.138336
4096	10.6166	10.164	0.0219	0.364	0.135968
4097	10.6362	10.2813	0.0209	0.4009	0.13632
4098	10.5399	10.1947	0.022	0.3443	0.1384
4099	10.6681	10.1867	0.0213	0.3552	0.136128
4100	10.5672	10.1747	0.0205	0.3411	0.135872
4101	10.5895	10.2879	0.0221	0.3698	0.135616
4102	10.5819	10.3267	0.0214	0.3755	0.13632
4103	10.8567	10.2771	0.022	0.5208	0.13632
4104	10.8235	10.2685	0.0215	0.4504	0.135712
4105	10.6994	10.2708	0.0217	0.3868	0.135904
4106	10.6373	10.2378	0.022	0.338	0.13872
4107	10.68	10.3104	0.0205	0.3762	0.135648
4108	10.6447	10.314	0.0212	0.3736	0.135968
4109	10.6699	10.1853	0.0209	0.3299	0.138848
4110	10.7233	10.1977	0.0204	0.3774	0.135264
4111	10.5726	10.2791	0.0227	0.3574	0.139456
4112	10.5897	10.0928	0.0213	0.3628	0.135968
4113	10.7496	10.2386	0.0215	0.4288	0.136
4114	10.452	10.3092	0.0213	0.329	0.13776
4115	10.7084	10.0916	0.0211	0.4307	0.136448
4116	10.7713	10.2355	0.0213	0.4262	0.135968
4117	10.4782	10.3124	0.0212	0.3572	0.138912
4118	10.6867	10.1801	0.0206	0.3994	0.136384
4119	10.7451	10.3328	0.0205	0.3974	0.136064
4120	10.5377	10.3548	0.0214	0.3288	0.139456
4121	10.758	10.6061	0.0218	0.3915	0.136192
4122	10.9286	10.4323	0.0214	0.5259	0.136
4123	11.2504	10.5452	0.0222	0.5974	0.13856
4124	10.9253	10.5404	0.022	0.4475	0.136032
4125	10.9926	10.4986	0.0211	0.4087	0.136064
4126	10.9131	10.515	0.0204	0.3414	0.13792
4127	10.9073	10.4897	0.0216	0.3762	0.136064
4128	10.9329	10.4909	0.0213	0.3867	0.13616
4129	10.87	10.4373	0.0204	0.3493	0.139456
4130	10.8802	10.4729	0.0213	0.3576	0.136
4131	10.8114	10.5358	0.0219	0.3445	0.137184
4132	10.9704	10.4577	0.0205	0.4552	0.136128
4133	10.99	10.4937	0.0206	0.4146	0.136064
4134	10.8244	10.4008	0.0205	0.3369	0.138848
4135	10.916	10.3519	0.0213	0.3878	0.13584
4136	10.8103	10.4249	0.0205	0.3771	0.135904
4137	10.7128	10.4806	0.0205	0.3305	0.137312
4138	10.8198	10.2758	0.0209	0.3634	0.135872
4139	11.1109	10.6099	0.0215	0.5987	0.1368
4140	10.663	10.6575	0.0221	0.3557	0.139168
4141	11.2639	10.4754	0.0207	0.6087	0.136256
4142	11.1455	10.5694	0.0215	0.4438	0.135904
4143	10.8483	10.6135	0.0212	0.3427	0.137888
4144	11.0093	10.4144	0.0221	0.405	0.13664
4145	11.0346	10.4329	0.0204	0.3868	0.13616
4146	10.7898	10.452	0.0215	0.3452	0.138496
4147	10.8177	10.3045	0.0205	0.3546	0.136256
4148	10.8772	10.4924	0.0205	0.391	0.13616
4149	10.6617	10.6488	0.0214	0.3283	0.138816
4150	10.9159	10.4906	0.022	0.3906	0.135936
4151	11.1514	10.3622	0.0213	0.4558	0.136224
4152	10.8705	10.3314	0.0209	0.3474	0.139104
4153	10.7655	10.3759	0.0206	0.3708	0.13696
4154	10.7583	10.3644	0.0212	0.391	0.136416
4155	10.744	10.3618	0.0206	0.3384	0.1392
4156	10.7497	10.3516	0.0218	0.3537	0.136064
4157	10.7242	10.3481	0.0204	0.3332	0.137408
4158	10.7607	10.5295	0.0226	0.3758	0.135584
4159	10.7383	10.4616	0.0212	0.3591	0.13616
4160	11.1686	10.3579	0.0212	0.586	0.136256
4161	10.9512	10.3625	0.0216	0.4452	0.13616
4162	10.7771	10.3652	0.0211	0.3859	0.136
4163	10.7396	10.3189	0.0228	0.3469	0.137952
4164	10.7761	10.2615	0.0212	0.3791	0.136096
4165	10.7139	10.3948	0.0214	0.3621	0.13584
4166	10.6406	10.2339	0.0214	0.3485	0.138368
4167	10.8831	10.2512	0.0211	0.4464	0.135776
4168	10.6501	10.3844	0.0213	0.383	0.135872
4169	10.6282	10.4012	0.0259	0.3465	0.14
4170	10.928	10.3147	0.0248	0.5028	0.135872
4171	10.8754	10.3206	0.0209	0.4261	0.136096
4172	10.6803	10.2946	0.0205	0.3317	0.138496
4173	10.732	10.1414	0.0208	0.3785	0.135648
4174	10.6854	10.3174	0.021	0.3612	0.139136
4175	10.5203	10.2362	0.0213	0.3479	0.136
4176	10.7366	10.1828	0.0209	0.3854	0.135488
4177	10.6083	10.3265	0.024	0.342	0.13856
4178	10.5741	10.398	0.0224	0.3604	0.135904
4179	11.0263	10.2758	0.0214	0.6401	0.135552
4180	10.8226	10.3269	0.0213	0.3868	0.13856
4181	10.7038	10.3573	0.0212	0.3942	0.135936
4182	10.7572	10.2589	0.0216	0.3946	0.13584
4183	10.7499	10.2593	0.0212	0.3614	0.137664
4184	10.6612	10.2725	0.0207	0.3701	0.135648
4185	10.6739	10.2219	0.0213	0.3818	0.135584
4186	10.6376	10.1447	0.0205	0.3353	0.138272
4187	10.624	10.264	0.0213	0.3697	0.136064
4188	10.5338	10.2393	0.0211	0.3593	0.137184
4189	10.7547	10.2193	0.0208	0.4476	0.136096
4190	10.6873	10.3246	0.0214	0.4104	0.136128
4191	10.624	10.2489	0.0212	0.374	0.137888
4192	10.749	10.1863	0.0205	0.3898	0.135776
4193	10.6617	10.1911	0.0206	0.3791	0.135712
4194	10.5503	10.1345	0.0212	0.3346	0.138784
4195	10.594	10.1659	0.0212	0.3699	0.135968
4196	10.5426	10.3048	0.0218	0.3756	0.135648
4197	10.5294	10.4175	0.0215	0.3329	0.138944
4198	10.9456	10.3466	0.0212	0.5934	0.136096
4199	10.9865	10.4222	0.0212	0.5174	0.135936
4200	10.7202	10.4377	0.022	0.3423	0.1376
4201	10.8525	10.4332	0.0213	0.3957	0.135808
4202	10.8789	10.3973	0.0228	0.4098	0.1376
4203	10.8139	10.2385	0.0215	0.3493	0.135712
4204	10.8006	10.1988	0.0214	0.3695	0.135616
4205	10.6162	10.3712	0.0213	0.3465	0.139104
4206	10.5957	10.3235	0.0219	0.3655	0.135744
4207	10.805	10.3437	0.0212	0.3985	0.135872
4208	10.7972	10.3808	0.0212	0.4324	0.135808
4209	10.7789	10.3619	0.0205	0.3988	0.135712
4210	10.8188	10.2973	0.0207	0.4029	0.135904
4211	10.7253	10.2982	0.0212	0.3337	0.137312
4212	10.6941	10.3084	0.0206	0.3659	0.135648
4213	10.7396	10.3791	0.0205	0.4058	0.135808
4214	10.6707	10.3762	0.0212	0.3325	0.139552
4215	10.7651	10.4362	0.0222	0.3548	0.13568
4216	10.8039	10.6303	0.0212	0.3932	0.135776
4217	11.043	10.5773	0.0221	0.56	0.137888
4218	11.2009	10.555	0.0218	0.5231	0.135712
4219	10.9993	10.5813	0.0213	0.3865	0.136
4220	10.9342	10.57	0.0214	0.348	0.139616
4221	10.9903	10.5915	0.0213	0.3763	0.135168
4222	10.9862	10.6021	0.0216	0.3851	0.135904
4223	10.9812	10.6056	0.0793	0.3578	0.136416
4224	11.0144	10.389	0.0212	0.3788	0.135616
4225	11.2113	10.3357	0.0218	0.4977	0.136928
4226	10.7777	10.4465	0.0218	0.3551	0.135776
4227	10.7927	10.4787	0.0209	0.4166	0.135232
4228	10.8055	10.3479	0.0204	0.3274	0.138208
4229	10.8707	10.2598	0.0215	0.3597	0.136704
4230	10.7187	10.3517	0.0203	0.3405	0.13568
4231	10.6183	10.3844	0.022	0.3287	0.138464
4232	10.7153	10.313	0.0211	0.3344	0.135968
4233	10.7513	10.682	0.0213	0.3366	0.135872
4234	10.6594	10.896	0.0216	0.3179	0.138112
4235	11.096	11.066	0.0214	0.3821	0.135296
4236	11.5751	10.8749	0.0215	0.6309	0.13584
4237	11.6208	10.773	0.0208	0.5079	0.135744
4238	11.3091	10.5396	0.0209	0.4007	0.135776
4239	11.1421	10.4386	0.021	0.3391	0.13648
4240	10.9361	10.3809	0.021	0.3636	0.139072
4241	10.814	10.3269	0.0219	0.3449	0.136128
4242	10.7476	10.3501	0.0207	0.3371	0.135872
4243	10.6846	10.3535	0.0211	0.3281	0.139232
4244	10.7057	10.3353	0.0211	0.3266	0.135488
4245	10.7253	10.3189	0.0212	0.3422	0.136064
4246	10.7701	10.3592	0.0213	0.3988	0.136064
4247	10.991	10.3626	0.021	0.633	0.137216
4248	10.7798	10.3391	0.021	0.3821	0.136032
4249	10.7554	10.2901	0.0211	0.3624	0.137056
4250	10.7207	10.2684	0.0202	0.3522	0.135936
4251	10.6437	10.2923	0.0204	0.3247	0.137632
4252	10.6196	10.286	0.0212	0.3229	0.135904
4253	10.6726	10.3415	0.0213	0.3507	0.136224
4254	10.6361	10.5598	0.0265	0.3214	0.138112
4255	11.0034	10.4804	0.0216	0.6109	0.136384
4256	11.075	10.528	0.0216	0.4611	0.136864
4257	10.8522	10.5261	0.0222	0.3408	0.138368
4258	10.9676	10.4905	0.022	0.4039	0.13616
4259	10.9933	10.4923	0.0217	0.4262	0.135936
4260	10.8662	10.4112	0.0213	0.3445	0.137632
4261	10.9038	10.4324	0.0219	0.3779	0.136192
4262	10.859	10.4157	0.0213	0.4102	0.135872
4263	10.8055	10.4244	0.0221	0.3419	0.13728
4264	10.8224	10.5651	0.0219	0.374	0.136
4265	10.9201	10.5298	0.0213	0.4487	0.135808
4266	10.9517	10.4515	0.0215	0.3538	0.138592
4267	10.9575	10.2921	0.0212	0.395	0.136096
4268	10.895	10.4441	0.0211	0.407	0.13568
4269	10.6707	10.3817	0.0211	0.348	0.136768
4270	10.8352	10.3575	0.0219	0.3592	0.135648
4271	10.8045	10.4673	0.0212	0.3895	0.135936
4272	10.7402	10.5537	0.0266	0.3511	0.139392
4273	10.8616	10.5907	0.0216	0.3628	0.135776
4274	11.1881	10.5641	0.0216	0.5806	0.136096
4275	11.0449	10.5429	0.0212	0.4143	0.136
4276	10.9827	10.4802	0.0235	0.3845	0.135808
4277	10.9274	10.4247	0.0206	0.3542	0.137632
4278	10.9019	10.5548	0.0216	0.3852	0.136288
4279	10.8312	10.6959	0.0221	0.3742	0.135744
4280	11.1656	10.7363	0.0215	0.5635	0.138944
4281	11.1741	10.6297	0.0212	0.4354	0.135744
4282	11.215	10.6846	0.0221	0.4379	0.135776
4283	11.003	10.7263	0.0209	0.3423	0.138112
4284	11.1768	10.6489	0.0209	0.45	0.135872
4285	11.1703	10.5863	0.0211	0.4065	0.136256
4286	11.05	10.6845	0.0216	0.3713	0.137056
4287	10.9991	10.5769	0.0208	0.3798	0.135392
4288	11.1129	10.604	0.0212	0.3939	0.135808
4289	10.9804	10.7017	0.0219	0.3739	0.13952
4290	11.0128	10.6429	0.0222	0.376	0.13616
4291	11.1271	10.9186	0.0267	0.3906	0.135776
4292	11.2278	10.7337	0.0226	0.5416	0.138176
4293	11.4687	10.7335	0.0213	0.4958	0.135296
4294	11.1914	10.8215	0.0212	0.4165	0.135872
4295	11.1256	10.7246	0.0211	0.3604	0.137376
4296	11.2449	10.7791	0.0213	0.3912	0.135584
4297	11.1027	10.8507	0.0215	0.3453	0.135552
4298	11.2221	10.8329	0.0254	0.4116	0.137888
4299	11.2439	10.8115	0.0212	0.3601	0.13552
4300	11.2399	10.7737	0.0217	0.3707	0.135712
4301	11.2275	10.8946	0.0211	0.3835	0.136096
4302	11.2217	10.8306	0.0214	0.4101	0.135296
4303	11.4805	10.8384	0.0311	0.5493	0.135712
4304	11.3451	10.975	0.0212	0.4671	0.137024
4305	11.2624	10.8925	0.0213	0.378	0.136352
4306	11.4117	10.9402	0.0219	0.4015	0.135584
4307	11.3039	11.0069	0.0214	0.3786	0.136096
4308	11.34	11.0005	0.0212	0.368	0.137408
4309	11.4291	11.2971	0.0215	0.3883	0.136032
4310	11.4631	11.2519	0.0214	0.4301	0.13568
4311	11.8418	11.2073	0.0213	0.4985	0.135616
4312	11.7021	11.2883	0.0219	0.4119	0.135616
4313	11.6451	11.3298	0.022	0.4025	0.13584
4314	11.6834	11.2429	0.0213	0.364	0.137216
4315	11.725	11.234	0.0213	0.3618	0.135552
4316	11.6692	11.2651	0.0211	0.3913	0.135616
4317	11.6749	11.2382	0.0206	0.4048	0.13536
4318	11.8235	11.1777	0.0213	0.5149	0.138944
4319	11.6757	11.2292	0.0212	0.3993	0.135648
4320	11.6753	11.1321	0.0214	0.4523	0.136384
4321	11.7162	11.053	0.0206	0.4458	0.135616
4322	11.6119	11.0474	0.0209	0.4388	0.136096
4323	11.4957	11.0024	0.0249	0.4069	0.135008
4324	11.4481	11.1427	0.0213	0.3693	0.13712
4325	11.4094	11.0124	0.0211	0.3706	0.135872
4326	11.5356	11.0564	0.0214	0.3612	0.135072
4327	11.4447	11.3968	0.0212	0.3973	0.135744
4328	11.5747	11.2155	0.0213	0.4755	0.138048
4329	11.9022	11.1357	0.0212	0.4584	0.135136
4330	11.7006	11.142	0.022	0.4418	0.13552
4331	11.519	11.1171	0.0208	0.3518	0.137056
4332	11.5617	11.104	0.0217	0.3874	0.135328
4333	11.5072	11.0801	0.0205	0.3589	0.135648
4334	11.4811	11.0026	0.0212	0.3468	0.138432
4335	11.4857	10.8362	0.0204	0.3734	0.135168
4336	11.432	11.0882	0.0209	0.3955	0.135616
4337	11.2064	11.0647	0.0228	0.3413	0.138752
4338	11.5624	11.0432	0.0213	0.4348	0.13536
4339	11.527	10.9961	0.0209	0.4202	0.135872
4340	11.4967	11.098	0.0206	0.4167	0.135904
4341	11.367	11.1129	0.0215	0.3403	0.137408
4342	11.5233	11.0367	0.0209	0.3919	0.135072
4343	11.5452	10.9503	0.0212	0.3967	0.136288
4344	11.4033	11.1939	0.0213	0.3368	0.13696
4345	11.3634	11.1597	0.0225	0.3804	0.135936
4346	11.772	11.2948	0.0216	0.5296	0.136704
4347	11.689	11.21	0.0266	0.4817	0.136064
4348	11.8388	11.0178	0.0225	0.4968	0.13616
4349	11.7641	11.1684	0.0787	0.4992	0.135968
4350	11.5858	11.1111	0.0211	0.5346	0.135968
4351	11.7489	11.0596	0.0211	0.4781	0.138368
4352	11.5364	11.1279	0.0212	0.3903	0.135744
4353	11.4941	11.0228	0.0211	0.3985	0.135936
4354	11.5045	11.0269	0.0216	0.3462	0.139264
4355	11.4668	10.9465	0.0216	0.4122	0.136096
4356	11.5343	11.007	0.0213	0.4617	0.136288
4357	11.3222	10.8671	0.0214	0.3437	0.138528
4358	11.4358	10.8003	0.0212	0.3938	0.136
4359	11.2726	10.7863	0.0213	0.3724	0.135744
4360	11.177	10.6964	0.021	0.3468	0.139168
4361	11.1872	10.5455	0.0212	0.3693	0.135904
4362	11.0986	10.6842	0.0214	0.3708	0.135616
4363	10.9732	10.7142	0.0229	0.3454	0.137984
4364	11.2569	10.578	0.0212	0.5226	0.136384
4365	11.3107	10.5598	0.0257	0.5463	0.13568
4366	10.9583	10.6038	0.0212	0.3484	0.13792
4367	11.0348	10.4465	0.0211	0.4303	0.136064
4368	11.0376	10.4508	0.0213	0.3981	0.135648
4369	10.8187	10.4877	0.0214	0.3423	0.13824
4370	10.8819	10.3882	0.0212	0.3967	0.135584
4371	10.9591	10.4079	0.0211	0.428	0.13552
4372	10.7589	10.4803	0.0213	0.34	0.137952
4373	10.8311	10.4365	0.0583	0.3899	0.135872
4374	10.9096	10.434	0.0213	0.3927	0.135808
4375	10.8858	10.4874	0.0213	0.3776	0.13728
4376	10.955	10.416	0.0216	0.4749	0.136384
4377	10.9771	10.3544	0.0209	0.4515	0.135648
4378	10.7884	10.3897	0.0212	0.3412	0.13888
4379	10.7433	10.2466	0.0215	0.3564	0.13616
4380	10.8039	10.244	0.0215	0.3814	0.135712
4381	10.6167	10.4798	0.0224	0.3398	0.138016
4382	10.6362	10.4895	0.0214	0.3605	0.135872
4383	11.2469	10.3161	0.0213	0.7078	0.136032
4384	10.9347	10.5928	0.0215	0.4051	0.136032
4385	10.7757	10.4571	0.0219	0.42	0.136352
4386	11.0665	10.6534	0.0214	0.442	0.13728
4387	10.896	10.4196	0.0212	0.3929	0.136096
4388	11.0622	10.5488	0.0221	0.3764	0.135968
4389	10.8006	10.5207	0.0252	0.3504	0.138464
4390	10.9828	10.4499	0.0223	0.397	0.136032
4391	10.9498	10.5943	0.0218	0.3909	0.136352
4392	10.8284	10.5333	0.0212	0.3476	0.137632
4393	11.0234	10.5957	0.0205	0.3943	0.136224
4394	10.9602	10.4052	0.0207	0.393	0.136256
4395	10.9616	10.5254	0.0213	0.337	0.13856
4396	10.8191	10.5633	0.0783	0.3804	0.13552
4397	10.9518	10.3146	0.0208	0.3918	0.13616
4398	11.2005	10.251	0.0203	0.5322	0.138272
4399	10.6904	10.1871	0.0207	0.3431	0.136128
4400	10.6134	10.4563	0.0217	0.3335	0.136288
4401	10.5348	10.3757	0.0214	0.3194	0.138752
4402	10.9954	10.3936	0.0216	0.4917	0.136096
4403	10.7752	10.4221	0.0211	0.3643	0.13648
4404	10.7548	10.4573	0.0215	0.3309	0.137856
4405	10.9336	10.477	0.021	0.4665	0.135776
4406	10.8435	10.3566	0.0209	0.3523	0.136608
4407	10.846	10.3919	0.0215	0.3397	0.138368
4408	10.7225	10.3268	0.0225	0.3377	0.136288
4409	10.8036	10.3762	0.0215	0.3824	0.13696
4410	10.6827	10.3361	0.0219	0.3254	0.135808
4411	10.737	10.4099	0.0214	0.3317	0.136352
4412	10.7551	10.3616	0.0218	0.3844	0.136288
4413	10.7848	10.3436	0.0218	0.3436	0.135328
4414	10.7223	10.3256	0.0215	0.331	0.136
4415	10.7065	10.3088	0.021	0.3333	0.1384
4416	10.753	10.3986	0.0215	0.3927	0.135968
4417	10.6719	10.3199	0.0209	0.3335	0.136192
4418	10.7585	10.3171	0.0221	0.3304	0.138624
4419	10.6777	10.3667	0.0216	0.3289	0.135712
4420	10.7959	10.2767	0.0211	0.4369	0.136192
4421	10.897	10.2718	0.0208	0.4813	0.13568
4422	10.6536	10.2438	0.021	0.3449	0.136512
4423	10.6384	10.3118	0.0218	0.3376	0.13616
4424	10.607	10.3187	0.0214	0.3263	0.139328
4425	10.6734	10.1977	0.0209	0.3315	0.135648
4426	10.6852	10.1807	0.0212	0.3376	0.137504
4427	10.5528	10.2507	0.0208	0.327	0.136096
4428	10.5364	10.296	0.0217	0.3271	0.136384
4429	10.6033	10.2142	0.0211	0.3243	0.139584
4430	10.6507	10.2772	0.0214	0.3259	0.136384
4431	10.6753	10.2229	0.021	0.4227	0.136928
4432	10.6504	10.2675	0.0216	0.3414	0.139648
4433	10.5797	10.1712	0.021	0.3282	0.136096
4434	10.6417	10.142	0.0215	0.3448	0.136416
4435	10.5267	10.0287	0.0212	0.327	0.137856
4436	10.4964	10.0048	0.0207	0.3255	0.135936
4437	10.3836	10.0609	0.021	0.3256	0.138336
4438	10.3784	10.1773	0.0221	0.3459	0.136032
4439	10.4226	10.2121	0.0212	0.333	0.136416
4440	10.7582	10.417	0.0766	0.5306	0.135776
4441	10.9367	10.3734	0.0213	0.6794	0.136128
4442	10.9457	10.4637	0.0217	0.4272	0.135904
4443	10.7524	10.3388	0.0213	0.3486	0.137408
4444	10.9277	10.3944	0.0251	0.4252	0.136192
4445	10.7534	10.3513	0.0213	0.3811	0.135936
4446	10.7787	10.1719	0.0236	0.3487	0.13712
4447	10.7901	10.1823	0.0209	0.4042	0.135968
4448	10.5826	10.3155	0.0213	0.3759	0.136288
4449	10.5519	10.2435	0.0211	0.34	0.138784
4450	10.804	10.3006	0.0218	0.4464	0.136128
4451	10.6083	10.3518	0.0213	0.3347	0.13936
4452	10.8611	10.2715	0.0212	0.515	0.135712
4453	10.8383	10.4296	0.0717	0.4434	0.136128
4454	10.6426	10.1826	0.0216	0.3402	0.138944
4455	11.0363	10.1758	0.0213	0.5092	0.135776
4456	10.5577	10.198	0.0212	0.3417	0.135808
4457	10.5364	10.1802	0.0216	0.3316	0.139488
4458	10.581	10.295	0.0213	0.3521	0.135776
4459	10.7072	10.3504	0.0543	0.4788	0.136608
4460	10.9555	10.3162	0.022	0.6145	0.138752
4461	10.8605	10.4876	0.0213	0.4306	0.135424
4462	10.7877	10.3208	0.0218	0.436	0.136096
4463	10.8645	10.5399	0.0213	0.346	0.137856
4464	10.7341	10.3392	0.022	0.3802	0.135424
4465	11.0221	10.3856	0.0222	0.4444	0.135968
4466	10.7222	10.4985	0.0213	0.35	0.136
4467	10.7889	10.4459	0.0218	0.3697	0.135744
4468	10.8906	10.6354	0.0215	0.3614	0.138208
4469	10.9268	10.5067	0.0209	0.4386	0.136512
4470	11.0912	10.7086	0.0218	0.4181	0.135744
4471	10.8793	10.6316	0.0223	0.3418	0.139168
4472	11.1258	10.4984	0.0208	0.3822	0.13616
4473	11.05	10.421	0.0206	0.3836	0.135424
4474	10.8576	10.4437	0.0205	0.3297	0.138336
4475	10.8253	10.389	0.0209	0.3722	0.135968
4476	10.8432	10.7459	0.0214	0.3678	0.135584
4477	10.7559	10.6877	0.0228	0.337	0.138336
4478	11.3789	10.6342	0.0212	0.5785	0.136512
4479	11.1896	10.7495	0.0212	0.453	0.135552
4480	11.0044	10.7809	0.0212	0.3393	0.139072
4481	11.1717	10.7701	0.0219	0.3875	0.135936
4482	11.1967	10.5376	0.0215	0.3828	0.13584
4483	11.1412	10.7122	0.0212	0.341	0.138656
4484	10.9719	10.5376	0.0216	0.4004	0.136032
4485	11.1322	10.6104	0.0213	0.386	0.135872
4486	10.9487	10.78	0.0213	0.3809	0.139104
4487	11.0422	10.7472	0.0212	0.3969	0.135776
4488	11.2886	10.7364	0.0215	0.4637	0.13584
4489	11.1261	10.8019	0.0208	0.3478	0.137632
4490	11.2809	10.8013	0.0215	0.4996	0.136352
4491	11.3609	10.755	0.0214	0.5133	0.135456
4492	11.3895	10.7087	0.0212	0.5423	0.138432
4493	11.3743	10.816	0.0209	0.5739	0.136
4494	11.1388	10.7611	0.0243	0.3949	0.13552
4495	11.1969	10.8854	0.0213	0.3482	0.138176
4496	11.5745	10.7843	0.0212	0.7544	0.136224
4497	11.3969	10.7878	0.0217	0.4621	0.13568
4498	11.3399	10.7014	0.0212	0.5162	0.135968
4499	11.1747	10.7454	0.0645	0.3532	0.139168
4500	11.1072	10.5779	0.0216	0.374	0.135616
4501	11.3468	10.616	0.0215	0.5112	0.136
4502	10.9532	10.5133	0.0207	0.3427	0.138784
4503	10.9831	10.5374	0.0207	0.3371	0.135616
4504	10.8892	10.582	0.0212	0.3454	0.136
4505	10.9178	10.4972	0.0218	0.3506	0.13904
4506	11.0671	10.5013	0.0214	0.4422	0.135424
4507	10.897	10.443	0.021	0.367	0.136
4508	10.9216	10.5258	0.0208	0.3851	0.135424
4509	10.8263	10.5318	0.0214	0.3518	0.135328
4510	10.886	10.4937	0.0219	0.3314	0.137408
4511	10.9638	10.5123	0.0209	0.3945	0.136096
4512	10.9332	10.495	0.0218	0.3998	0.13536
4513	10.8736	10.4977	0.0213	0.331	0.1384
4514	10.8565	10.5852	0.0269	0.3319	0.135712
4515	11.1168	10.5331	0.0228	0.5717	0.135648
4516	11.1363	10.4708	0.0219	0.4996	0.138752
4517	10.9558	10.4551	0.021	0.3864	0.136032
4518	10.9137	10.4588	0.0226	0.4059	0.135552
4519	10.8252	10.5358	0.0246	0.3402	0.13856
4520	10.8544	10.4352	0.0211	0.3627	0.135776
4521	10.9545	10.4008	0.0213	0.3814	0.135392
4522	10.8212	10.4426	0.0584	0.3552	0.139456
4523	10.8029	10.3684	0.0211	0.3703	0.136
4524	11.0087	10.4197	0.0211	0.4821	0.13584
4525	10.8208	10.292	0.0227	0.4135	0.135904
4526	10.8171	10.3346	0.0207	0.365	0.135712
4527	10.6691	10.3718	0.021	0.3451	0.135296
4528	10.6986	10.3642	0.0212	0.335	0.137984
4529	10.7496	10.2921	0.0214	0.3479	0.136288
4530	10.7485	10.3454	0.0225	0.3545	0.13568
4531	10.6572	10.3223	0.0209	0.3348	0.138368
4532	10.7224	10.4333	0.022	0.3456	0.135648
4533	10.6778	10.4253	0.0211	0.3267	0.137152
4534	10.9765	10.3538	0.0218	0.4955	0.135616
4535	10.8313	10.5209	0.0506	0.3706	0.136032
4536	10.9091	10.5017	0.0249	0.5239	0.138272
4537	11.0101	10.483	0.0209	0.415	0.135616
4538	10.9552	10.6004	0.0266	0.4114	0.135904
4539	10.8648	10.5108	0.0214	0.3517	0.138848
4540	11.0018	10.5443	0.0213	0.3641	0.135584
4541	10.9301	10.419	0.0211	0.3855	0.135552
4542	10.9256	10.5728	0.0213	0.351	0.13808
4543	10.819	10.4974	0.0215	0.3686	0.135744
4544	11.072	10.5275	0.0212	0.4553	0.135648
4545	10.8894	10.4617	0.0221	0.3605	0.138976
4546	10.9429	10.4698	0.022	0.3826	0.135648
4547	10.8901	10.5883	0.0212	0.3918	0.135808
4548	10.8522	10.5337	0.022	0.3506	0.13952
4549	10.9902	10.5713	0.0212	0.3699	0.135648
4550	10.956	10.6674	0.0212	0.3884	0.135584
4551	10.9565	10.5639	0.0212	0.3541	0.136864
4552	11.1168	10.5436	0.021	0.4145	0.135552
4553	11.0611	10.811	0.0214	0.4523	0.135904
4554	10.9233	10.6647	0.0216	0.3482	0.138048
4555	11.3777	10.7572	0.0215	0.5155	0.135648
4556	11.0932	10.6948	0.0218	0.3921	0.13568
4557	11.1321	10.6362	0.0211	0.3443	0.13888
4558	11.1061	10.7557	0.0211	0.3782	0.135712
4559	11.0479	10.8581	0.0224	0.3791	0.135744
4560	11.1289	10.7821	0.0219	0.3433	0.137216
4561	11.2669	10.6539	0.0212	0.3752	0.136064
4562	11.2466	10.7017	0.0212	0.4292	0.136128
4563	11.0597	10.7466	0.0212	0.3712	0.135744
4564	11.1576	10.7994	0.021	0.4188	0.135648
4565	11.1894	10.7958	0.021	0.4062	0.135904
4566	11.1688	10.5682	0.0219	0.3391	0.13776
4567	11.221	10.44	0.021	0.3894	0.135808
4568	11.0069	10.5541	0.0211	0.4023	0.135904
4569	10.802	10.6394	0.0216	0.3321	0.139104
4570	10.9585	10.7915	0.0229	0.3714	0.135232
4571	11.2739	10.6207	0.0213	0.5881	0.136032
4572	11.3986	10.6927	0.0217	0.5595	0.136736
4573	11.0892	10.7061	0.0221	0.4273	0.135872
4574	11.1324	10.6621	0.0217	0.4026	0.135904
4575	11.0847	10.5537	0.0213	0.3476	0.137024
4576	11.093	10.6039	0.0209	0.3959	0.135872
4577	10.9812	10.5613	0.0216	0.3928	0.135584
4578	10.9868	10.6585	0.0213	0.3515	0.136992
4579	11.1098	10.8693	0.066	0.5156	0.135936
4580	11.0761	10.5135	0.0216	0.3829	0.135904
4581	11.4695	10.4189	0.0211	0.5071	0.135296
4582	10.9561	10.4369	0.0208	0.4041	0.135808
4583	10.8067	10.4467	0.0219	0.355	0.135584
4584	10.801	10.4038	0.0211	0.3347	0.138944
4585	10.8637	10.3483	0.0204	0.3798	0.135648
4586	10.7745	10.3486	0.0209	0.3401	0.135584
4587	10.7025	10.2532	0.0204	0.3256	0.137856
4588	10.7208	10.5799	0.022	0.341	0.136
4589	10.6329	10.4688	0.0211	0.3515	0.137664
4590	11.1917	10.5339	0.021	0.5625	0.13536
4591	10.9432	10.5184	0.0212	0.435	0.135648
4592	10.9316	10.5106	0.0218	0.3667	0.137312
4593	10.9085	10.537	0.0212	0.3583	0.13536
4594	10.9245	10.4316	0.0211	0.3809	0.13584
4595	10.9101	10.5345	0.0221	0.3423	0.139296
4596	10.832	10.5262	0.022	0.3691	0.135584
4597	10.9522	10.4771	0.021	0.3831	0.135904
4598	10.906	10.507	0.0213	0.348	0.137952
4599	10.8767	10.6224	0.0212	0.3676	0.135232
4600	10.9928	10.4553	0.0241	0.4422	0.136032
4601	11.005	10.5534	0.022	0.3501	0.137856
4602	10.8827	10.4512	0.0211	0.3904	0.135392
4603	10.9997	10.5108	0.0242	0.4088	0.135776
4604	10.8336	10.5747	0.0261	0.3513	0.138176
4605	10.9269	10.6123	0.0228	0.379	0.13552
4606	10.9827	10.6252	0.0215	0.37	0.135872
4607	10.9902	10.7674	0.0211	0.3365	0.137984
4608	11.2637	10.7726	0.0212	0.5993	0.135424
4609	11.2731	10.816	0.0216	0.4571	0.136096
4610	11.1511	10.801	0.0213	0.3474	0.137504
4611	11.2373	10.8582	0.022	0.3872	0.1352
4612	11.2695	10.9376	0.0215	0.4358	0.136
4613	11.2357	11.0206	0.0214	0.3458	0.1376
4614	11.3676	10.9895	0.021	0.3953	0.135392
4615	11.4383	10.846	0.0206	0.3831	0.135904
4616	11.3581	10.9353	0.0219	0.3385	0.136576
4617	11.2492	11.0475	0.0211	0.3709	0.135392
4618	11.4125	10.9887	0.0221	0.4332	0.13584
4619	11.4365	11.0312	0.0218	0.3575	0.138688
4620	11.4548	10.9804	0.0222	0.4283	0.135648
4621	11.53	10.8848	0.0207	0.4585	0.135872
4622	11.4175	11.0357	0.0213	0.3994	0.135872
4623	11.2549	11.115	0.0217	0.3384	0.137984
4624	11.4281	10.8738	0.0213	0.3604	0.135488
4625	11.5469	11.1391	0.0214	0.3977	0.135584
4626	11.4888	11.1713	0.0213	0.5699	0.137984
4627	11.6793	11.1777	0.0212	0.4926	0.135456
4628	11.6482	11.07	0.0212	0.4355	0.135808
4629	11.5523	11.0848	0.0209	0.3439	0.137952
4630	11.4808	11.1175	0.0208	0.3784	0.135712
4631	11.4874	11.1966	0.0214	0.3704	0.135584
4632	11.4907	11.1568	0.0216	0.3433	0.139072
4633	11.6365	11.0808	0.0213	0.4051	0.135296
4634	11.6173	11.1108	0.0207	0.4251	0.135776
4635	11.4884	11.1	0.0211	0.3746	0.135904
4636	11.5618	11.3108	0.0213	0.4134	0.135712
4637	11.5726	11.2108	0.0216	0.4309	0.135776
4638	11.7371	11.229	0.0211	0.3914	0.135456
4639	11.5871	11.2735	0.021	0.3454	0.13712
4640	11.6641	11.276	0.0209	0.3991	0.135744
4641	11.6927	11.1079	0.0206	0.3845	0.135904
4642	11.6388	11.3029	0.0214	0.333	0.137504
4643	11.5126	11.2338	0.0215	0.3726	0.135584
4644	11.971	11.439	0.0211	0.6209	0.135904
4645	11.7345	11.2242	0.0213	0.4525	0.135872
4646	11.8184	11.2631	0.0211	0.3484	0.138464
4647	11.6488	11.4446	0.0831	0.3902	0.13536
4648	11.6806	11.135	0.0208	0.3832	0.135552
4649	12.0672	11.0595	0.021	0.5126	0.138464
4650	11.5133	11.0234	0.0218	0.3475	0.135552
4651	11.4266	11.0938	0.0211	0.3373	0.135648
4652	11.4201	11.0719	0.0212	0.3662	0.136928
4653	11.5243	10.9839	0.0218	0.3983	0.135776
4654	11.4969	11.0673	0.0212	0.3895	0.135872
4655	11.3667	10.9328	0.0214	0.3508	0.135712
4656	11.4509	10.9853	0.0211	0.3533	0.13824
4657	11.3091	10.8745	0.0219	0.3457	0.135872
4658	11.3579	10.982	0.0217	0.3423	0.13568
4659	11.2523	10.9003	0.0215	0.3462	0.138336
4660	11.3662	10.9351	0.022	0.3535	0.13552
4661	11.2664	11.103	0.0389	0.336	0.13552
4662	11.6051	11.0441	0.0209	0.6201	0.1352
4663	11.6364	11.0623	0.0212	0.4692	0.135744
4664	11.4706	10.9923	0.0214	0.3916	0.135392
4665	11.4376	11.0858	0.0218	0.3446	0.136992
4666	11.4308	11.0464	0.0212	0.4037	0.13568
4667	11.5194	11.0493	0.0212	0.3978	0.135392
4668	11.4296	10.932	0.0211	0.3505	0.136896
4669	11.4899	10.8611	0.0209	0.4065	0.135456
4670	11.3655	11.0244	0.0212	0.4001	0.13552
4671	11.2999	11.0264	0.0217	0.4094	0.138976
4672	11.4558	10.9045	0.0215	0.3959	0.135808
4673	11.5092	11.013	0.021	0.4451	0.136352
4674	11.343	10.7554	0.0205	0.403	0.135872
4675	11.3881	10.7602	0.0216	0.345	0.13792
4676	11.1875	10.7952	0.0239	0.3972	0.135584
4677	11.2262	10.8025	0.0213	0.4311	0.135552
4678	11.1786	10.9853	0.0219	0.3473	0.137696
4679	11.2017	10.8945	0.0213	0.367	0.13552
4680	11.5618	10.9184	0.0211	0.5304	0.135552
4681	11.3811	10.9388	0.0221	0.444	0.13856
4682	11.346	10.9377	0.0213	0.3929	0.135744
4683	11.3878	10.904	0.0219	0.4106	0.135712
4684	11.3203	10.8645	0.022	0.3508	0.136544
4685	11.3214	10.7728	0.0218	0.3833	0.135776
4686	11.2767	10.8052	0.0211	0.3784	0.135808
4687	11.1503	10.8522	0.0207	0.3466	0.138368
4688	11.2181	10.8553	0.0212	0.3806	0.136096
4689	11.2562	10.619	0.0218	0.3729	0.135488
4690	11.3478	10.6981	0.0212	0.454	0.135712
4691	11.0616	10.4818	0.0212	0.4048	0.13648
4692	11.1293	10.5331	0.0218	0.3956	0.135584
4693	10.8517	10.6083	0.0212	0.3395	0.139552
4694	10.9491	10.3869	0.0213	0.3824	0.135648
4695	11.0369	10.3368	0.0212	0.3944	0.135328
4696	10.7532	10.3967	0.0214	0.3362	0.13808
4697	10.7446	10.7981	0.0228	0.3754	0.135808
4698	10.925	10.418	0.0213	0.4817	0.135168
4699	11.3383	10.3998	0.0212	0.4921	0.13584
4700	10.8555	10.423	0.0216	0.3992	0.13568
4701	10.8212	10.3445	0.022	0.3869	0.135616
4702	10.9439	10.3501	0.0212	0.4907	0.138976
4703	10.7534	10.3594	0.0228	0.3743	0.135808
4704	10.7729	10.4087	0.0209	0.3889	0.135552
4705	10.7418	10.2119	0.0209	0.35	0.138784
4706	10.8309	10.2848	0.022	0.3887	0.136288
4707	10.6259	10.2539	0.0212	0.381	0.13552
4708	10.7762	10.3409	0.0264	0.45	0.136
4709	10.8913	10.3792	0.0212	0.5882	0.136096
4710	10.9265	10.2035	0.0215	0.5358	0.137824
4711	10.8257	10.2597	0.0213	0.4071	0.136032
4712	10.624	10.2186	0.0219	0.3864	0.136096
4713	10.6327	10.1883	0.0214	0.3427	0.138752
4714	10.6164	10.4759	0.0208	0.3649	0.13616
4715	10.5799	10.3586	0.0213	0.3596	0.136096
4716	10.8635	10.4881	0.0233	0.3572	0.136448
4717	10.9203	10.3814	0.0215	0.5151	0.135808
4718	11.0038	10.6466	0.0216	0.4642	0.13584
4719	10.771	10.5825	0.0212	0.357	0.138816
4720	11.0755	10.5302	0.022	0.3941	0.136096
4721	11.014	10.3816	0.022	0.3987	0.135968
4722	10.9041	10.4591	0.0212	0.3421	0.13792
4723	10.7968	10.3694	0.0211	0.3797	0.136256
4724	10.8742	10.5042	0.0212	0.3824	0.136768
4725	10.7378	10.6191	0.0221	0.3386	0.139008
4726	10.9185	10.3894	0.021	0.3811	0.136128
4727	11.1109	10.46	0.0211	0.4457	0.136
4728	10.7665	10.5072	0.0213	0.3461	0.138496
4729	10.9163	10.5365	0.0215	0.4168	0.136416
4730	11.0281	10.5221	0.0211	0.4804	0.136224
4731	10.9207	10.471	0.0206	0.3514	0.136
4732	10.9599	10.1615	0.0205	0.4024	0.136128
4733	10.8531	10.2894	0.0208	0.3519	0.138016
4734	10.5283	10.3697	0.0222	0.3376	0.13584
4735	10.7682	10.7592	0.0212	0.4357	0.136
4736	11.02	10.3023	0.0212	0.5971	0.138656
4737	11.3701	10.4576	0.0215	0.5614	0.135904
4738	10.7245	10.5518	0.0215	0.3862	0.135712
4739	10.8306	10.2644	0.0221	0.3422	0.13856
4740	10.975	10.3641	0.0216	0.3884	0.136064
4741	10.673	10.4253	0.0213	0.3752	0.136096
4742	10.7448	10.3124	0.0211	0.35	0.13888
4743	10.8312	10.284	0.0207	0.3739	0.135616
4744	10.7139	10.3196	0.0213	0.3698	0.13648
4745	10.6541	10.1201	0.0212	0.3403	0.139392
4746	10.7771	10.3182	0.0212	0.4199	0.135584
4747	10.5768	10.275	0.0218	0.4173	0.136192
4748	10.6804	10.2343	0.0205	0.3311	0.139264
4749	10.6962	10.1509	0.0205	0.3842	0.136512
4750	10.6558	10.1404	0.0205	0.3916	0.137696
4751	10.5249	10.0741	0.0221	0.343	0.136576
4752	10.5378	10.162	0.0212	0.366	0.136096
4753	10.4309	10.1566	0.0218	0.3266	0.13712
4754	10.556	10.3961	0.0214	0.3624	0.136096
4755	10.7361	10.2905	0.0213	0.5357	0.136384
4756	10.9325	10.3394	0.0213	0.4898	0.136064
4757	10.7513	10.3865	0.0216	0.4205	0.136064
4758	10.7748	10.2957	0.0229	0.3985	0.136448
4759	10.7616	10.3355	0.0211	0.3445	0.1392
4760	10.7252	10.2617	0.0205	0.3932	0.135872
4761	10.7573	10.1287	0.0213	0.3874	0.13632
4762	10.6726	10.2282	0.0221	0.3815	0.139296
4763	10.5168	10.0563	0.0208	0.3561	0.136
4764	10.5992	10.167	0.0213	0.34	0.13712
4765	10.5103	10.3302	0.0219	0.4231	0.13568
4766	10.7076	10.3102	0.0214	0.4941	0.136288
4767	10.7413	10.2103	0.0219	0.3746	0.136736
4768	10.7623	10.2107	0.0209	0.4149	0.13632
4769	10.6315	10.2711	0.0216	0.3852	0.136512
4770	10.5755	10.013	0.0228	0.335	0.137728
4771	10.9897	10.1643	0.0209	0.6712	0.135584
4772	10.476	10.2859	0.0213	0.4207	0.136224
4773	10.5387	10.3431	0.0217	0.3433	0.137056
4774	10.8173	10.2854	0.0208	0.4887	0.13568
4775	10.9662	10.3629	0.0644	0.5729	0.136064
4776	10.6597	10.1516	0.0211	0.3426	0.136992
4777	10.8767	10.081	0.0207	0.4212	0.136288
4778	10.5231	10.0683	0.0212	0.3401	0.138784
4779	10.4386	9.9947	0.0212	0.3288	0.13632
4780	10.4754	10.0425	0.0217	0.3753	0.135968
4781	10.4023	10.0774	0.0213	0.3738	0.13856
4782	10.4404	10.0545	0.0213	0.366	0.135328
4783	10.6328	10.038	0.021	0.5077	0.135552
4784	10.4988	9.9501	0.0209	0.4056	0.13856
4785	10.5302	10.0543	0.021	0.449	0.136256
4786	10.3504	9.9998	0.0211	0.368	0.138944
4787	10.4144	9.9822	0.021	0.3309	0.135584
4788	10.3758	10.0633	0.021	0.3459	0.135552
4789	10.3627	10.0568	0.0211	0.3501	0.139456
4790	10.4261	9.9734	0.0208	0.3332	0.13616
4791	10.4313	9.9365	0.0208	0.3444	0.135712
4792	10.332	10.135	0.022	0.3293	0.138816
4793	10.292	10.109	0.021	0.3269	0.135808
4794	10.7	10.0153	0.0217	0.5162	0.135392
4795	10.5186	10.1335	0.0215	0.3747	0.135584
4796	10.3968	10.0301	0.0213	0.3496	0.136352
4797	10.5208	10.0083	0.0226	0.3555	0.137952
4798	10.4045	10.1177	0.0218	0.3429	0.13584
4799	10.3825	10.1557	0.021	0.3434	0.135872
4800	10.479	10.0425	0.021	0.3318	0.138048
4801	10.5217	10.104	0.0212	0.337	0.135584
4802	10.4126	10.1841	0.0215	0.341	0.136
4803	10.4774	10.1395	0.0209	0.3428	0.138432
4804	10.6234	10.1568	0.0216	0.402	0.135552
4805	10.5026	10.2646	0.0228	0.3328	0.138656
4806	10.5987	10.1296	0.0211	0.4039	0.13584
4807	10.6712	10.2442	0.021	0.3712	0.136
4808	10.4888	10.2618	0.0218	0.3295	0.138112
4809	10.6185	10.169	0.0215	0.3443	0.13584
4810	10.6314	10.2615	0.0203	0.3389	0.135424
4811	10.5291	10.1991	0.0215	0.3309	0.137792
4812	10.6175	10.9444	0.0212	0.3278	0.135616
4813	10.8506	10.3754	0.0211	0.6048	0.13568
4814	11.494	10.3292	0.021	0.4999	0.135584
4815	10.8227	10.3021	0.0211	0.4081	0.13552
4816	10.7535	10.3922	0.0216	0.3896	0.13584
4817	10.6712	10.4151	0.021	0.3385	0.138208
4818	10.7978	10.2653	0.0217	0.3725	0.135648
4819	10.7928	11.0255	0.0219	0.347	0.13824
4820	10.7984	11.0218	0.022	0.5008	0.135616
4821	11.5129	10.9199	0.0214	0.4498	0.13552
4822	11.4699	11.0287	0.0214	0.4163	0.1392
4823	11.4142	10.7331	0.0212	0.4559	0.135488
4824	11.5011	10.4055	0.0205	0.4362	0.135296
4825	11.1627	10.3667	0.0213	0.3944	0.135744
4826	10.7713	10.3744	0.0213	0.3353	0.137888
4827	10.9486	10.393	0.0205	0.5499	0.135872
4828	10.794	10.4321	0.0212	0.3882	0.13584
4829	10.7917	10.3022	0.0209	0.3658	0.135488
4830	10.8506	10.6447	0.0236	0.3858	0.135456
4831	10.6666	10.5594	0.0213	0.3348	0.138528
4832	11.3906	10.4289	0.0209	0.6885	0.135424
4833	11.0391	10.521	0.0212	0.4361	0.13536
4834	10.7988	10.5298	0.0213	0.3389	0.138368
4835	10.9299	10.4863	0.0211	0.3764	0.135456
4836	10.9439	10.4472	0.022	0.3811	0.13552
4837	10.8549	10.4864	0.0213	0.3389	0.138048
4838	10.882	10.4255	0.021	0.3984	0.135392
4839	10.9284	10.3561	0.0212	0.4058	0.135552
4840	10.8031	10.3753	0.052	0.3473	0.137888
4841	10.7714	10.4609	0.021	0.3828	0.13552
4842	10.9055	10.3936	0.0209	0.4523	0.13536
4843	10.8335	10.3364	0.0213	0.3418	0.137376
4844	10.7991	10.3363	0.0213	0.3735	0.135264
4845	10.7859	10.219	0.0218	0.4125	0.1352
4846	10.7154	10.1819	0.021	0.3478	0.138464
4847	10.6228	10.223	0.0212	0.3713	0.13584
4848	10.6406	10.2245	0.0211	0.4257	0.13456
4849	10.6077	10.3098	0.0223	0.353	0.137088
4850	10.6168	10.843	0.0212	0.3606	0.135776
4851	10.9119	10.3429	0.0212	0.5507	0.135392
4852	11.4821	10.3329	0.0243	0.5903	0.135904
4853	10.765	10.3597	0.0217	0.3864	0.135552
4854	10.7101	10.3631	0.021	0.3438	0.137504
4855	10.7779	10.3075	0.0211	0.3848	0.135296
4856	10.7745	10.2556	0.0217	0.3784	0.135584
4857	10.6795	10.231	0.0215	0.3421	0.13856
4858	10.6667	10.2994	0.0215	0.3785	0.135392
4859	10.6334	10.31	0.022	0.3703	0.13536
4860	10.6811	10.2824	0.0212	0.3503	0.138368
4861	10.7937	10.2792	0.0211	0.441	0.13552
4862	10.7036	10.2517	0.0213	0.386	0.13552
4863	10.8161	10.1768	0.0218	0.4911	0.134976
4864	10.6953	10.1948	0.0214	0.4055	0.135168
4865	10.6615	10.205	0.0219	0.4507	0.135104
4866	10.5834	10.2917	0.0784	0.3569	0.135424
4867	10.6296	10.5378	0.021	0.3897	0.135648
4868	11.0012	10.2611	0.0212	0.6028	0.13856
4869	10.921	10.2603	0.0216	0.3502	0.13536
4870	10.9769	10.1811	0.0212	0.6651	0.135552
4871	10.9167	10.1913	0.0212	0.602	0.135296
4872	10.6623	10.3197	0.0213	0.438	0.135328
4873	10.684	10.1899	0.0216	0.4504	0.135424
4874	10.7002	10.2488	0.0218	0.3488	0.137632
4875	10.5946	10.2293	0.0212	0.3724	0.135392
4876	10.7517	10.2349	0.0218	0.4569	0.135712
4877	10.6219	10.3055	0.0218	0.361	0.138784
4878	10.7766	10.2771	0.0212	0.497	0.135552
4879	10.8021	10.2915	0.0213	0.4508	0.135936
4880	10.695	10.3435	0.0213	0.3847	0.13776
4881	10.8584	10.3779	0.0213	0.5232	0.13568
4882	10.9246	10.3652	0.0213	0.5353	0.135584
4883	10.7682	10.2913	0.0212	0.3561	0.135872
4884	10.7958	10.3702	0.0219	0.3947	0.135488
4885	10.6673	10.3717	0.0213	0.3456	0.138784
4886	10.9008	10.3765	0.0213	0.485	0.135808
4887	10.8043	10.4589	0.0217	0.3931	0.135712
4888	10.7514	10.4354	0.0214	0.3449	0.138208
4889	11.0932	10.3646	0.0212	0.5876	0.135648
4890	11.0413	10.3865	0.0223	0.5577	0.136256
4891	10.741	10.398	0.0213	0.3438	0.137184
4892	10.8376	10.4971	0.0211	0.4127	0.135904
4893	10.8523	10.5442	0.023	0.4156	0.135744
4894	10.8701	10.4577	0.0212	0.3422	0.138208
4895	11.0207	10.4566	0.0209	0.4348	0.136
4896	10.8881	10.5682	0.0212	0.3948	0.136032
4897	10.8249	10.5848	0.0211	0.339	0.139456
4898	10.9805	10.4846	0.0213	0.3796	0.135232
4899	11.0002	10.525	0.0221	0.3827	0.136
4900	10.8472	10.4968	0.0212	0.3332	0.13824
4901	10.9487	10.4962	0.0212	0.389	0.136416
4902	10.9341	10.5424	0.0211	0.4026	0.13632
4903	10.8629	10.4832	0.0206	0.3369	0.138752
4904	10.9551	10.4485	0.0217	0.3806	0.136416
4905	10.9066	10.5833	0.0454	0.3901	0.13648
4906	10.8129	10.3053	0.0215	0.3339	0.1384
4907	11.1153	10.8179	0.0233	0.462	0.136288
4908	11.1576	10.5242	0.0218	0.7958	0.13952
4909	11.3562	10.5723	0.0213	0.4868	0.13632
4910	10.9663	10.5485	0.022	0.404	0.136128
4911	11.0219	10.5517	0.0218	0.4118	0.136256
4912	10.9322	10.4922	0.0212	0.3511	0.138656
4913	10.9464	10.5438	0.0218	0.3627	0.136544
4914	10.9056	10.3962	0.0205	0.3822	0.136096
4915	10.9334	10.3969	0.0217	0.3571	0.136448
4916	10.7946	10.4994	0.021	0.3673	0.136288
4917	10.7701	10.3526	0.0209	0.3424	0.13856
4918	10.9771	10.4834	0.0209	0.4378	0.13664
4919	10.7935	10.4116	0.0215	0.4021	0.136256
4920	10.8684	10.2203	0.0219	0.3544	0.139456
4921	10.8421	10.2707	0.0252	0.3945	0.136576
4922	10.7626	10.4509	0.0219	0.5043	0.136736
4923	10.6535	10.3468	0.0214	0.3469	0.138432
4924	10.8711	10.2821	0.0209	0.3864	0.136608
4925	10.8671	10.5304	0.0222	0.4816	0.136672
4926	10.658	10.5531	0.022	0.3461	0.139872
4927	11.2413	10.4598	0.0219	0.6626	0.136608
4928	11.0479	10.5162	0.0212	0.4481	0.13648
4929	10.8351	10.5916	0.0211	0.3412	0.138464
4930	10.9598	10.4667	0.0211	0.4073	0.136576
4931	11.0296	10.5261	0.0213	0.4009	0.136736
4932	10.8431	10.6559	0.0223	0.3463	0.13984
4933	10.9393	10.5131	0.022	0.3792	0.136416
4934	11.1031	10.5298	0.0204	0.4093	0.136128
4935	10.8942	10.5202	0.022	0.35	0.13792
4936	10.9179	10.6059	0.0212	0.3579	0.13648
4937	10.9973	10.4415	0.021	0.434	0.136352
4938	10.9729	10.4664	0.0204	0.3356	0.138272
4939	10.8449	10.513	0.0209	0.3716	0.136704
4940	10.9059	10.3475	0.021	0.4063	0.13648
4941	10.889	10.3439	0.0206	0.3452	0.138272
4942	10.7645	10.4563	0.021	0.385	0.136736
4943	10.778	10.5152	0.0209	0.4044	0.13904
4944	10.8717	10.849	0.0212	0.3805	0.13632
4945	10.9284	10.7071	0.0214	0.3791	0.13648
4946	11.4107	10.684	0.0219	0.5163	0.136288
4947	11.1505	10.626	0.0215	0.4055	0.136352
4948	11.1173	10.6853	0.0209	0.3982	0.136864
4949	11.0093	10.6309	0.0213	0.3527	0.138432
4950	11.0836	10.6116	0.0207	0.3669	0.136608
4951	11.0535	10.5655	0.0215	0.3885	0.136288
4952	11.0259	10.7374	0.0221	0.3847	0.139104
4953	11.0064	10.6185	0.0205	0.4051	0.136224
4954	11.1643	10.6265	0.0214	0.392	0.136896
4955	10.9734	10.6063	0.0208	0.3262	0.139232
4956	11.1172	10.5558	0.0204	0.4475	0.136384
4957	11.0719	10.6524	0.0206	0.4242	0.136512
4958	10.9361	10.6799	0.0206	0.3494	0.139328
4959	11.1281	10.6262	0.03	0.4344	0.136448
4960	11.1014	10.6563	0.0207	0.3869	0.136416
4961	11.0185	10.7093	0.0205	0.3519	0.139616
4962	11.0466	10.7565	0.0218	0.3595	0.13648
4963	11.1416	10.8843	0.0212	0.3982	0.136832
4964	11.3569	10.8931	0.0221	0.5576	0.138304
4965	11.43	10.9686	0.0213	0.4999	0.135872
4966	11.3445	10.9208	0.0213	0.4126	0.136576
4967	11.4783	10.9594	0.0205	0.4732	0.136416
4968	11.3157	10.9546	0.022	0.3629	0.135776
4969	11.3563	10.9923	0.0211	0.3658	0.136352
4970	11.4152	10.9511	0.0208	0.4218	0.136128
4971	11.3654	10.9817	0.0213	0.342	0.138144
4972	11.352	12.7604	0.0232	0.3613	0.136672
4973	11.4031	12.8752	0.0213	0.3881	0.136384
4974	13.4457	11.036	0.022	0.6375	0.136416
4975	13.3972	11.0641	0.0217	0.4745	0.136704
4976	11.5276	11.2234	0.022	0.4484	0.136448
4977	11.5493	11.1248	0.0218	0.4412	0.136064
4978	11.7048	11.1448	0.0219	0.4396	0.137888
4979	11.6094	11.1206	0.0212	0.4423	0.136
4980	11.6582	11.2838	0.0212	0.4656	0.13616
4981	11.4909	11.1632	0.0213	0.34	0.139392
4982	11.8272	11.1283	0.0214	0.4971	0.136512
4983	11.6637	11.1841	0.0221	0.4553	0.136128
4984	11.6195	11.0732	0.0209	0.4544	0.138016
4985	11.6433	11.1505	0.0214	0.4187	0.136448
4986	11.6367	11.1152	0.0211	0.5184	0.136288
4987	11.6525	11.0733	0.0239	0.4563	0.136064
4988	11.4873	11.1102	0.0215	0.3409	0.14016
4989	11.509	11.0009	0.0216	0.3973	0.13648
4990	11.5528	10.9434	0.0214	0.4058	0.136288
4991	11.4905	11.0538	0.0215	0.4467	0.13616
4992	11.3955	11.0114	0.022	0.4142	0.13648
4993	11.4825	10.8643	0.0213	0.3921	0.136672
4994	11.3989	10.9245	0.0216	0.3554	0.138432
4995	11.3399	10.914	0.0212	0.4346	0.136128
4996	11.3388	10.8073	0.0213	0.3786	0.136672
4997	11.3008	10.8409	0.0218	0.3564	0.138592
4998	11.2479	10.8921	0.0236	0.4082	0.136064
4999	11.2408	10.8672	0.0213	0.3678	0.136352
